[{"model": "admin.logentry", "pk": 1, "fields": {"action_time": "2023-08-06T09:38:06.627Z", "user": 1, "content_type": 7, "object_id": "1", "object_repr": "5563569442: tov_stalin", "action_flag": 3, "change_message": ""}}, {"model": "admin.logentry", "pk": 2, "fields": {"action_time": "2023-08-06T10:50:45.356Z", "user": 1, "content_type": 8, "object_id": "1", "object_repr": "call request #1 from 375903064: andryplekhanov", "action_flag": 2, "change_message": "[]"}}, {"model": "admin.logentry", "pk": 3, "fields": {"action_time": "2023-08-06T11:15:48.634Z", "user": 1, "content_type": 7, "object_id": "3", "object_repr": "375903064: andryplekhanov", "action_flag": 3, "change_message": ""}}, {"model": "admin.logentry", "pk": 4, "fields": {"action_time": "2023-08-06T11:16:01.645Z", "user": 1, "content_type": 8, "object_id": "1", "object_repr": "call request #1 from пользователь удалён", "action_flag": 3, "change_message": ""}}, {"model": "admin.logentry", "pk": 5, "fields": {"action_time": "2023-08-06T12:52:50.165Z", "user": 1, "content_type": 8, "object_id": "4", "object_repr": "call request #4 from 375903064: andryplekhanov", "action_flag": 2, "change_message": "[{\"changed\": {\"fields\": [\"\\u0421\\u0442\\u0430\\u0442\\u0443\\u0441\"]}}]"}}, {"model": "admin.logentry", "pk": 6, "fields": {"action_time": "2023-08-06T12:52:59.027Z", "user": 1, "content_type": 8, "object_id": "3", "object_repr": "call request #3 from 375903064: andryplekhanov", "action_flag": 2, "change_message": "[{\"changed\": {\"fields\": [\"\\u0421\\u0442\\u0430\\u0442\\u0443\\u0441\"]}}]"}}, {"model": "admin.logentry", "pk": 7, "fields": {"action_time": "2023-08-06T12:53:05.951Z", "user": 1, "content_type": 8, "object_id": "2", "object_repr": "call request #2 from 375903064: andryplekhanov", "action_flag": 2, "change_message": "[{\"changed\": {\"fields\": [\"\\u0421\\u0442\\u0430\\u0442\\u0443\\u0441\"]}}]"}}, {"model": "admin.logentry", "pk": 8, "fields": {"action_time": "2023-08-06T13:04:23.095Z", "user": 1, "content_type": 7, "object_id": "7", "object_repr": "5563569442: tov_stalin", "action_flag": 3, "change_message": ""}}, {"model": "admin.logentry", "pk": 9, "fields": {"action_time": "2023-08-06T13:04:41.264Z", "user": 1, "content_type": 8, "object_id": "8", "object_repr": "call request #8 from 375903064: andryplekhanov", "action_flag": 3, "change_message": ""}}, {"model": "admin.logentry", "pk": 10, "fields": {"action_time": "2023-08-06T13:04:41.267Z", "user": 1, "content_type": 8, "object_id": "7", "object_repr": "call request #7 from пользователь удалён", "action_flag": 3, "change_message": ""}}, {"model": "admin.logentry", "pk": 11, "fields": {"action_time": "2023-08-06T13:04:41.269Z", "user": 1, "content_type": 8, "object_id": "6", "object_repr": "call request #6 from пользователь удалён", "action_flag": 3, "change_message": ""}}, {"model": "admin.logentry", "pk": 12, "fields": {"action_time": "2023-08-06T13:04:41.270Z", "user": 1, "content_type": 8, "object_id": "5", "object_repr": "call request #5 from пользователь удалён", "action_flag": 3, "change_message": ""}}, {"model": "admin.logentry", "pk": 13, "fields": {"action_time": "2023-08-06T13:04:41.271Z", "user": 1, "content_type": 8, "object_id": "4", "object_repr": "call request #4 from 375903064: andryplekhanov", "action_flag": 3, "change_message": ""}}, {"model": "admin.logentry", "pk": 14, "fields": {"action_time": "2023-08-06T13:04:41.272Z", "user": 1, "content_type": 8, "object_id": "3", "object_repr": "call request #3 from 375903064: andryplekhanov", "action_flag": 3, "change_message": ""}}, {"model": "admin.logentry", "pk": 15, "fields": {"action_time": "2023-08-06T13:04:41.273Z", "user": 1, "content_type": 8, "object_id": "2", "object_repr": "call request #2 from 375903064: andryplekhanov", "action_flag": 3, "change_message": ""}}, {"model": "admin.logentry", "pk": 16, "fields": {"action_time": "2023-08-06T13:04:50.886Z", "user": 1, "content_type": 7, "object_id": "5", "object_repr": "375903064: andryplekhanov", "action_flag": 3, "change_message": ""}}, {"model": "admin.logentry", "pk": 17, "fields": {"action_time": "2023-08-06T13:48:07.311Z", "user": 1, "content_type": 8, "object_id": "9", "object_repr": "call request #9 from 375903064: andryplekhanov", "action_flag": 3, "change_message": ""}}, {"model": "admin.logentry", "pk": 18, "fields": {"action_time": "2023-08-06T13:48:15.168Z", "user": 1, "content_type": 7, "object_id": "8", "object_repr": "375903064: andryplekhanov", "action_flag": 3, "change_message": ""}}, {"model": "admin.logentry", "pk": 19, "fields": {"action_time": "2023-08-06T14:38:17.053Z", "user": 1, "content_type": 8, "object_id": "14", "object_repr": "call request #14 from 375903064: andryplekhanov", "action_flag": 3, "change_message": ""}}, {"model": "admin.logentry", "pk": 20, "fields": {"action_time": "2023-08-06T14:38:17.056Z", "user": 1, "content_type": 8, "object_id": "13", "object_repr": "call request #13 from 375903064: andryplekhanov", "action_flag": 3, "change_message": ""}}, {"model": "admin.logentry", "pk": 21, "fields": {"action_time": "2023-08-06T14:38:17.057Z", "user": 1, "content_type": 8, "object_id": "12", "object_repr": "call request #12 from 375903064: andryplekhanov", "action_flag": 3, "change_message": ""}}, {"model": "admin.logentry", "pk": 22, "fields": {"action_time": "2023-08-06T14:38:17.058Z", "user": 1, "content_type": 8, "object_id": "11", "object_repr": "call request #11 from 375903064: andryplekhanov", "action_flag": 3, "change_message": ""}}, {"model": "admin.logentry", "pk": 23, "fields": {"action_time": "2023-08-06T14:38:17.060Z", "user": 1, "content_type": 8, "object_id": "10", "object_repr": "call request #10 from 375903064: andryplekhanov", "action_flag": 3, "change_message": ""}}, {"model": "admin.logentry", "pk": 24, "fields": {"action_time": "2023-08-06T14:38:25.429Z", "user": 1, "content_type": 7, "object_id": "9", "object_repr": "375903064: andryplekhanov", "action_flag": 3, "change_message": ""}}, {"model": "admin.logentry", "pk": 25, "fields": {"action_time": "2023-08-06T15:04:15.207Z", "user": 1, "content_type": 7, "object_id": "10", "object_repr": "375903064: andryplekhanov", "action_flag": 3, "change_message": ""}}, {"model": "admin.logentry", "pk": 26, "fields": {"action_time": "2023-08-06T15:04:25.165Z", "user": 1, "content_type": 8, "object_id": "15", "object_repr": "call request #15 from пользователь удалён", "action_flag": 3, "change_message": ""}}, {"model": "admin.logentry", "pk": 27, "fields": {"action_time": "2023-08-06T15:38:36.579Z", "user": 1, "content_type": 8, "object_id": "16", "object_repr": "call request #16 from 375903064: andryplekhanov", "action_flag": 3, "change_message": ""}}, {"model": "admin.logentry", "pk": 28, "fields": {"action_time": "2023-08-06T15:38:44.095Z", "user": 1, "content_type": 7, "object_id": "11", "object_repr": "375903064: andryplekhanov", "action_flag": 3, "change_message": ""}}, {"model": "admin.logentry", "pk": 29, "fields": {"action_time": "2023-08-06T15:41:01.249Z", "user": 1, "content_type": 8, "object_id": "17", "object_repr": "call request #17 from 375903064: andryplekhanov", "action_flag": 2, "change_message": "[{\"changed\": {\"fields\": [\"\\u0421\\u0442\\u0430\\u0442\\u0443\\u0441\"]}}]"}}, {"model": "admin.logentry", "pk": 30, "fields": {"action_time": "2023-08-06T15:42:00.561Z", "user": 1, "content_type": 8, "object_id": "17", "object_repr": "call request #17 from 375903064: andryplekhanov", "action_flag": 2, "change_message": "[{\"changed\": {\"fields\": [\"\\u0421\\u0442\\u0430\\u0442\\u0443\\u0441\", \"\\u041a\\u043e\\u043c\\u043c\\u0435\\u043d\\u0442\\u0430\\u0440\\u0438\\u0439 \\u0430\\u0434\\u043c\\u0438\\u043d\\u0438\\u0441\\u0442\\u0440\\u0430\\u0442\\u043e\\u0440\\u0430\"]}}]"}}, {"model": "admin.logentry", "pk": 31, "fields": {"action_time": "2023-08-07T08:00:53.879Z", "user": 1, "content_type": 7, "object_id": "12", "object_repr": "375903064: andryplekhanov", "action_flag": 3, "change_message": ""}}, {"model": "admin.logentry", "pk": 32, "fields": {"action_time": "2023-08-07T08:01:05.025Z", "user": 1, "content_type": 8, "object_id": "20", "object_repr": "call request #20 from пользователь удалён", "action_flag": 3, "change_message": ""}}, {"model": "admin.logentry", "pk": 33, "fields": {"action_time": "2023-08-07T08:01:05.029Z", "user": 1, "content_type": 8, "object_id": "19", "object_repr": "call request #19 from пользователь удалён", "action_flag": 3, "change_message": ""}}, {"model": "admin.logentry", "pk": 34, "fields": {"action_time": "2023-08-07T08:01:05.030Z", "user": 1, "content_type": 8, "object_id": "18", "object_repr": "call request #18 from пользователь удалён", "action_flag": 3, "change_message": ""}}, {"model": "admin.logentry", "pk": 35, "fields": {"action_time": "2023-08-07T08:01:05.031Z", "user": 1, "content_type": 8, "object_id": "17", "object_repr": "call request #17 from пользователь удалён", "action_flag": 3, "change_message": ""}}, {"model": "admin.logentry", "pk": 36, "fields": {"action_time": "2023-08-07T08:03:09.999Z", "user": 1, "content_type": 7, "object_id": "13", "object_repr": "375903064: andryplekhanov", "action_flag": 3, "change_message": ""}}, {"model": "admin.logentry", "pk": 37, "fields": {"action_time": "2023-08-07T08:13:34.279Z", "user": 1, "content_type": 8, "object_id": "23", "object_repr": "call request #23 from 375903064: andryplekhanov", "action_flag": 3, "change_message": ""}}, {"model": "admin.logentry", "pk": 38, "fields": {"action_time": "2023-08-07T08:13:34.295Z", "user": 1, "content_type": 8, "object_id": "22", "object_repr": "call request #22 from 375903064: andryplekhanov", "action_flag": 3, "change_message": ""}}, {"model": "admin.logentry", "pk": 39, "fields": {"action_time": "2023-08-07T08:13:34.299Z", "user": 1, "content_type": 8, "object_id": "21", "object_repr": "call request #21 from 375903064: andryplekhanov", "action_flag": 3, "change_message": ""}}, {"model": "admin.logentry", "pk": 40, "fields": {"action_time": "2023-08-07T08:13:42.823Z", "user": 1, "content_type": 7, "object_id": "14", "object_repr": "375903064: andryplekhanov", "action_flag": 3, "change_message": ""}}, {"model": "admin.logentry", "pk": 41, "fields": {"action_time": "2023-08-07T09:51:56.088Z", "user": 1, "content_type": 15, "object_id": "1", "object_repr": "message #1 from 6291542549: nousername", "action_flag": 1, "change_message": "[{\"added\": {}}]"}}, {"model": "admin.logentry", "pk": 42, "fields": {"action_time": "2023-08-07T09:53:35.401Z", "user": 1, "content_type": 7, "object_id": "16", "object_repr": "6291542549: nousername", "action_flag": 3, "change_message": ""}}, {"model": "admin.logentry", "pk": 43, "fields": {"action_time": "2023-08-07T09:54:03.557Z", "user": 1, "content_type": 15, "object_id": "1", "object_repr": "message #1 from пользователь удалён", "action_flag": 3, "change_message": ""}}, {"model": "admin.logentry", "pk": 44, "fields": {"action_time": "2023-08-07T10:24:31.761Z", "user": 1, "content_type": 7, "object_id": "17", "object_repr": "6291542549: nousername", "action_flag": 3, "change_message": ""}}, {"model": "admin.logentry", "pk": 45, "fields": {"action_time": "2023-08-07T12:01:50.630Z", "user": 1, "content_type": 15, "object_id": "3", "object_repr": "message #3 from 6291542549: nousername", "action_flag": 3, "change_message": ""}}, {"model": "admin.logentry", "pk": 46, "fields": {"action_time": "2023-08-07T12:01:50.633Z", "user": 1, "content_type": 15, "object_id": "2", "object_repr": "message #2 from 6291542549: nousername", "action_flag": 3, "change_message": ""}}, {"model": "admin.logentry", "pk": 47, "fields": {"action_time": "2023-08-07T12:01:59.405Z", "user": 1, "content_type": 7, "object_id": "18", "object_repr": "6291542549: nousername", "action_flag": 3, "change_message": ""}}, {"model": "admin.logentry", "pk": 48, "fields": {"action_time": "2023-08-07T12:04:48.495Z", "user": 1, "content_type": 7, "object_id": "19", "object_repr": "6291542549: nousername", "action_flag": 3, "change_message": ""}}, {"model": "admin.logentry", "pk": 49, "fields": {"action_time": "2023-08-07T14:46:30.491Z", "user": 1, "content_type": 15, "object_id": "7", "object_repr": "message #7 from user id 6291542549", "action_flag": 3, "change_message": ""}}, {"model": "admin.logentry", "pk": 50, "fields": {"action_time": "2023-08-07T14:46:30.496Z", "user": 1, "content_type": 15, "object_id": "6", "object_repr": "message #6 from user id 375903064", "action_flag": 3, "change_message": ""}}, {"model": "admin.logentry", "pk": 51, "fields": {"action_time": "2023-08-07T14:46:30.498Z", "user": 1, "content_type": 15, "object_id": "5", "object_repr": "message #5 from user id 375903064", "action_flag": 3, "change_message": ""}}, {"model": "admin.logentry", "pk": 52, "fields": {"action_time": "2023-08-07T14:46:30.499Z", "user": 1, "content_type": 15, "object_id": "4", "object_repr": "message #4 from user id 6291542549", "action_flag": 3, "change_message": ""}}, {"model": "admin.logentry", "pk": 53, "fields": {"action_time": "2023-08-07T14:46:39.328Z", "user": 1, "content_type": 7, "object_id": "20", "object_repr": "user id 6291542549", "action_flag": 3, "change_message": ""}}, {"model": "admin.logentry", "pk": 54, "fields": {"action_time": "2023-08-07T14:46:48.893Z", "user": 1, "content_type": 7, "object_id": "15", "object_repr": "user id 375903064", "action_flag": 3, "change_message": ""}}, {"model": "admin.logentry", "pk": 55, "fields": {"action_time": "2023-08-07T14:47:00.514Z", "user": 1, "content_type": 8, "object_id": "26", "object_repr": "call request #26 from пользователь удалён", "action_flag": 3, "change_message": ""}}, {"model": "admin.logentry", "pk": 56, "fields": {"action_time": "2023-08-07T14:47:00.517Z", "user": 1, "content_type": 8, "object_id": "25", "object_repr": "call request #25 from пользователь удалён", "action_flag": 3, "change_message": ""}}, {"model": "admin.logentry", "pk": 57, "fields": {"action_time": "2023-08-07T14:47:00.518Z", "user": 1, "content_type": 8, "object_id": "24", "object_repr": "call request #24 from пользователь удалён", "action_flag": 3, "change_message": ""}}, {"model": "admin.logentry", "pk": 58, "fields": {"action_time": "2023-08-07T14:55:10.019Z", "user": 1, "content_type": 7, "object_id": "22", "object_repr": "user id 375903064", "action_flag": 3, "change_message": ""}}, {"model": "admin.logentry", "pk": 59, "fields": {"action_time": "2023-08-07T15:02:30.633Z", "user": 1, "content_type": 15, "object_id": "9", "object_repr": "message #9 from user id 375903064", "action_flag": 3, "change_message": ""}}, {"model": "admin.logentry", "pk": 60, "fields": {"action_time": "2023-08-07T15:02:30.636Z", "user": 1, "content_type": 15, "object_id": "8", "object_repr": "message #8 from user id 375903064", "action_flag": 3, "change_message": ""}}, {"model": "admin.logentry", "pk": 61, "fields": {"action_time": "2023-08-07T15:02:37.870Z", "user": 1, "content_type": 7, "object_id": "23", "object_repr": "user id 375903064", "action_flag": 3, "change_message": ""}}, {"model": "admin.logentry", "pk": 62, "fields": {"action_time": "2023-08-07T15:02:47.967Z", "user": 1, "content_type": 8, "object_id": "29", "object_repr": "call request #29 from пользователь удалён", "action_flag": 3, "change_message": ""}}, {"model": "admin.logentry", "pk": 63, "fields": {"action_time": "2023-08-07T15:02:47.970Z", "user": 1, "content_type": 8, "object_id": "28", "object_repr": "call request #28 from пользователь удалён", "action_flag": 3, "change_message": ""}}, {"model": "admin.logentry", "pk": 64, "fields": {"action_time": "2023-08-07T15:02:47.971Z", "user": 1, "content_type": 8, "object_id": "27", "object_repr": "call request #27 from пользователь удалён", "action_flag": 3, "change_message": ""}}, {"model": "admin.logentry", "pk": 65, "fields": {"action_time": "2023-08-07T15:10:17.989Z", "user": 1, "content_type": 8, "object_id": "30", "object_repr": "call request #30 from user id 375903064", "action_flag": 2, "change_message": "[{\"changed\": {\"fields\": [\"\\u0421\\u0442\\u0430\\u0442\\u0443\\u0441\"]}}]"}}, {"model": "admin.logentry", "pk": 66, "fields": {"action_time": "2023-08-07T15:10:28.739Z", "user": 1, "content_type": 8, "object_id": "31", "object_repr": "call request #31 from user id 375903064", "action_flag": 2, "change_message": "[{\"changed\": {\"fields\": [\"\\u0421\\u0442\\u0430\\u0442\\u0443\\u0441\"]}}]"}}, {"model": "admin.logentry", "pk": 67, "fields": {"action_time": "2023-08-07T15:11:26.781Z", "user": 1, "content_type": 15, "object_id": "10", "object_repr": "message #10 from user id 375903064", "action_flag": 2, "change_message": "[{\"changed\": {\"fields\": [\"\\u0421\\u0442\\u0430\\u0442\\u0443\\u0441\"]}}]"}}, {"model": "admin.logentry", "pk": 68, "fields": {"action_time": "2023-08-07T15:11:32.272Z", "user": 1, "content_type": 15, "object_id": "11", "object_repr": "message #11 from user id 375903064", "action_flag": 2, "change_message": "[{\"changed\": {\"fields\": [\"\\u0421\\u0442\\u0430\\u0442\\u0443\\u0441\"]}}]"}}, {"model": "admin.logentry", "pk": 69, "fields": {"action_time": "2023-08-07T15:11:51.410Z", "user": 1, "content_type": 15, "object_id": "12", "object_repr": "message #12 from user id 375903064", "action_flag": 2, "change_message": "[{\"changed\": {\"fields\": [\"\\u0421\\u0442\\u0430\\u0442\\u0443\\u0441\"]}}]"}}, {"model": "admin.logentry", "pk": 70, "fields": {"action_time": "2023-08-08T08:52:52.473Z", "user": 1, "content_type": 16, "object_id": "1", "object_repr": "компания Атмосфера", "action_flag": 1, "change_message": "[{\"added\": {}}]"}}, {"model": "admin.logentry", "pk": 71, "fields": {"action_time": "2023-08-08T08:54:22.098Z", "user": 1, "content_type": 19, "object_id": "1", "object_repr": "настройки администраторов", "action_flag": 1, "change_message": "[{\"added\": {}}, {\"added\": {\"name\": \"\\u043d\\u0430\\u0441\\u0442\\u0440\\u043e\\u0439\\u043a\\u0430 \\u0430\\u0434\\u043c\\u0438\\u043d\\u0438\\u0441\\u0442\\u0440\\u0430\\u0442\\u043e\\u0440\\u0430\", \"object\": \"\\u0418\\u043e\\u0441\\u0438\\u0444\"}}]"}}, {"model": "admin.logentry", "pk": 72, "fields": {"action_time": "2023-08-08T08:54:38.692Z", "user": 1, "content_type": 17, "object_id": "1", "object_repr": "97.45", "action_flag": 1, "change_message": "[{\"added\": {}}]"}}, {"model": "admin.logentry", "pk": 73, "fields": {"action_time": "2023-08-08T08:54:52.298Z", "user": 1, "content_type": 17, "object_id": "1", "object_repr": "33.88", "action_flag": 2, "change_message": "[{\"changed\": {\"fields\": [\"\\u0418\\u0441\\u043f\\u043e\\u043b\\u044c\\u0437\\u043e\\u0432\\u0430\\u0442\\u044c \\u0444\\u0438\\u043a\\u0441\\u0438\\u0440\\u043e\\u0432\\u0430\\u043d\\u043d\\u044b\\u0439 \\u043a\\u0443\\u0440\\u0441 \\u0434\\u043e\\u043b\\u043b\\u0430\\u0440\\u0430\", \"\\u041a\\u0443\\u0440\\u0441 \\u0434\\u043e\\u043b\\u043b\\u0430\\u0440\\u0430\"]}}]"}}, {"model": "admin.logentry", "pk": 74, "fields": {"action_time": "2023-08-08T08:54:57.851Z", "user": 1, "content_type": 17, "object_id": "1", "object_repr": "97.45", "action_flag": 2, "change_message": "[{\"changed\": {\"fields\": [\"\\u0418\\u0441\\u043f\\u043e\\u043b\\u044c\\u0437\\u043e\\u0432\\u0430\\u0442\\u044c \\u0444\\u0438\\u043a\\u0441\\u0438\\u0440\\u043e\\u0432\\u0430\\u043d\\u043d\\u044b\\u0439 \\u043a\\u0443\\u0440\\u0441 \\u0434\\u043e\\u043b\\u043b\\u0430\\u0440\\u0430\"]}}]"}}, {"model": "admin.logentry", "pk": 75, "fields": {"action_time": "2023-08-08T08:55:19.225Z", "user": 1, "content_type": 17, "object_id": "1", "object_repr": "97.45", "action_flag": 2, "change_message": "[]"}}, {"model": "admin.logentry", "pk": 76, "fields": {"action_time": "2023-08-08T08:56:30.276Z", "user": 1, "content_type": 15, "object_id": "16", "object_repr": "message #16 from user id 375903064", "action_flag": 3, "change_message": ""}}, {"model": "admin.logentry", "pk": 77, "fields": {"action_time": "2023-08-08T08:56:30.278Z", "user": 1, "content_type": 15, "object_id": "15", "object_repr": "message #15 from user id 375903064", "action_flag": 3, "change_message": ""}}, {"model": "admin.logentry", "pk": 78, "fields": {"action_time": "2023-08-08T08:56:30.280Z", "user": 1, "content_type": 15, "object_id": "14", "object_repr": "message #14 from user id 375903064", "action_flag": 3, "change_message": ""}}, {"model": "admin.logentry", "pk": 79, "fields": {"action_time": "2023-08-08T08:56:30.281Z", "user": 1, "content_type": 15, "object_id": "13", "object_repr": "message #13 from user id 375903064", "action_flag": 3, "change_message": ""}}, {"model": "admin.logentry", "pk": 80, "fields": {"action_time": "2023-08-08T08:56:30.282Z", "user": 1, "content_type": 15, "object_id": "12", "object_repr": "message #12 from user id 375903064", "action_flag": 3, "change_message": ""}}, {"model": "admin.logentry", "pk": 81, "fields": {"action_time": "2023-08-08T08:56:30.284Z", "user": 1, "content_type": 15, "object_id": "11", "object_repr": "message #11 from user id 375903064", "action_flag": 3, "change_message": ""}}, {"model": "admin.logentry", "pk": 82, "fields": {"action_time": "2023-08-08T08:56:30.286Z", "user": 1, "content_type": 15, "object_id": "10", "object_repr": "message #10 from user id 375903064", "action_flag": 3, "change_message": ""}}, {"model": "admin.logentry", "pk": 83, "fields": {"action_time": "2023-08-08T08:56:44.103Z", "user": 1, "content_type": 8, "object_id": "31", "object_repr": "call request #31 from user id 375903064", "action_flag": 3, "change_message": ""}}, {"model": "admin.logentry", "pk": 84, "fields": {"action_time": "2023-08-08T08:56:44.107Z", "user": 1, "content_type": 8, "object_id": "30", "object_repr": "call request #30 from user id 375903064", "action_flag": 3, "change_message": ""}}, {"model": "admin.logentry", "pk": 85, "fields": {"action_time": "2023-08-08T12:26:38.885Z", "user": 1, "content_type": 7, "object_id": "25", "object_repr": "user id 6291542549", "action_flag": 3, "change_message": ""}}, {"model": "admin.logentry", "pk": 86, "fields": {"action_time": "2023-08-08T12:26:38.892Z", "user": 1, "content_type": 7, "object_id": "24", "object_repr": "user id 375903064", "action_flag": 3, "change_message": ""}}, {"model": "admin.logentry", "pk": 87, "fields": {"action_time": "2023-08-08T12:26:45.932Z", "user": 1, "content_type": 8, "object_id": "32", "object_repr": "call request #32 from пользователь удалён", "action_flag": 3, "change_message": ""}}, {"model": "admin.logentry", "pk": 88, "fields": {"action_time": "2023-08-08T12:34:35.557Z", "user": 1, "content_type": 17, "object_id": "1", "object_repr": "33.88", "action_flag": 2, "change_message": "[{\"changed\": {\"fields\": [\"\\u0418\\u0441\\u043f\\u043e\\u043b\\u044c\\u0437\\u043e\\u0432\\u0430\\u0442\\u044c \\u0444\\u0438\\u043a\\u0441\\u0438\\u0440\\u043e\\u0432\\u0430\\u043d\\u043d\\u044b\\u0439 \\u043a\\u0443\\u0440\\u0441 \\u0434\\u043e\\u043b\\u043b\\u0430\\u0440\\u0430\"]}}]"}}, {"model": "admin.logentry", "pk": 89, "fields": {"action_time": "2023-08-08T12:34:45.566Z", "user": 1, "content_type": 17, "object_id": "1", "object_repr": "97.45", "action_flag": 2, "change_message": "[{\"changed\": {\"fields\": [\"\\u0418\\u0441\\u043f\\u043e\\u043b\\u044c\\u0437\\u043e\\u0432\\u0430\\u0442\\u044c \\u0444\\u0438\\u043a\\u0441\\u0438\\u0440\\u043e\\u0432\\u0430\\u043d\\u043d\\u044b\\u0439 \\u043a\\u0443\\u0440\\u0441 \\u0434\\u043e\\u043b\\u043b\\u0430\\u0440\\u0430\"]}}]"}}, {"model": "admin.logentry", "pk": 90, "fields": {"action_time": "2023-08-08T13:27:24.943Z", "user": 1, "content_type": 8, "object_id": "34", "object_repr": "call request #34 from user id 375903064", "action_flag": 2, "change_message": "[{\"changed\": {\"fields\": [\"\\u0421\\u0442\\u0430\\u0442\\u0443\\u0441\"]}}]"}}, {"model": "admin.logentry", "pk": 91, "fields": {"action_time": "2023-08-08T13:27:48.540Z", "user": 1, "content_type": 7, "object_id": "26", "object_repr": "user id 375903064", "action_flag": 2, "change_message": "[]"}}, {"model": "admin.logentry", "pk": 92, "fields": {"action_time": "2023-08-08T13:28:23.632Z", "user": 1, "content_type": 8, "object_id": "34", "object_repr": "call request #34 from user id 375903064", "action_flag": 2, "change_message": "[{\"changed\": {\"fields\": [\"\\u0421\\u0442\\u0430\\u0442\\u0443\\u0441\"]}}]"}}, {"model": "admin.logentry", "pk": 93, "fields": {"action_time": "2023-08-08T13:28:31.819Z", "user": 1, "content_type": 7, "object_id": "26", "object_repr": "user id 375903064", "action_flag": 2, "change_message": "[{\"changed\": {\"fields\": [\"\\u0417\\u0430\\u0431\\u0430\\u043d\\u0435\\u043d\"]}}]"}}, {"model": "admin.logentry", "pk": 94, "fields": {"action_time": "2023-08-08T13:28:46.282Z", "user": 1, "content_type": 8, "object_id": "33", "object_repr": "call request #33 from user id 375903064", "action_flag": 2, "change_message": "[{\"changed\": {\"fields\": [\"\\u0421\\u0442\\u0430\\u0442\\u0443\\u0441\"]}}]"}}, {"model": "admin.logentry", "pk": 95, "fields": {"action_time": "2023-08-08T13:28:52.925Z", "user": 1, "content_type": 7, "object_id": "26", "object_repr": "user id 375903064", "action_flag": 2, "change_message": "[{\"changed\": {\"fields\": [\"\\u0417\\u0430\\u0431\\u0430\\u043d\\u0435\\u043d\"]}}]"}}, {"model": "admin.logentry", "pk": 96, "fields": {"action_time": "2023-08-08T13:29:00.651Z", "user": 1, "content_type": 8, "object_id": "33", "object_repr": "call request #33 from user id 375903064", "action_flag": 2, "change_message": "[{\"changed\": {\"fields\": [\"\\u0421\\u0442\\u0430\\u0442\\u0443\\u0441\"]}}]"}}, {"model": "admin.logentry", "pk": 97, "fields": {"action_time": "2023-08-08T14:04:52.737Z", "user": 1, "content_type": 7, "object_id": "26", "object_repr": "user id 375903064", "action_flag": 2, "change_message": "[{\"changed\": {\"fields\": [\"\\u0417\\u0430\\u0431\\u0430\\u043d\\u0435\\u043d\"]}}]"}}, {"model": "admin.logentry", "pk": 98, "fields": {"action_time": "2023-08-08T14:14:03.754Z", "user": 1, "content_type": 7, "object_id": "26", "object_repr": "user id 375903064", "action_flag": 2, "change_message": "[{\"changed\": {\"fields\": [\"\\u0417\\u0430\\u0431\\u0430\\u043d\\u0435\\u043d\"]}}]"}}, {"model": "admin.logentry", "pk": 99, "fields": {"action_time": "2023-08-08T15:45:22.186Z", "user": 1, "content_type": 7, "object_id": "27", "object_repr": "user id 6291542549", "action_flag": 3, "change_message": ""}}, {"model": "admin.logentry", "pk": 100, "fields": {"action_time": "2023-08-09T11:37:21.515Z", "user": 1, "content_type": 7, "object_id": "29", "object_repr": "user id 6291542549", "action_flag": 3, "change_message": ""}}, {"model": "admin.logentry", "pk": 101, "fields": {"action_time": "2023-08-09T11:37:21.553Z", "user": 1, "content_type": 7, "object_id": "28", "object_repr": "user id 5563569442", "action_flag": 3, "change_message": ""}}, {"model": "admin.logentry", "pk": 102, "fields": {"action_time": "2023-08-09T11:37:21.556Z", "user": 1, "content_type": 7, "object_id": "26", "object_repr": "user id 375903064", "action_flag": 3, "change_message": ""}}, {"model": "admin.logentry", "pk": 103, "fields": {"action_time": "2023-08-09T11:37:32.126Z", "user": 1, "content_type": 8, "object_id": "46", "object_repr": "call request #46 from пользователь удалён", "action_flag": 3, "change_message": ""}}, {"model": "admin.logentry", "pk": 104, "fields": {"action_time": "2023-08-09T11:37:32.130Z", "user": 1, "content_type": 8, "object_id": "45", "object_repr": "call request #45 from пользователь удалён", "action_flag": 3, "change_message": ""}}, {"model": "admin.logentry", "pk": 105, "fields": {"action_time": "2023-08-09T11:37:32.133Z", "user": 1, "content_type": 8, "object_id": "44", "object_repr": "call request #44 from пользователь удалён", "action_flag": 3, "change_message": ""}}, {"model": "admin.logentry", "pk": 106, "fields": {"action_time": "2023-08-09T11:37:32.135Z", "user": 1, "content_type": 8, "object_id": "43", "object_repr": "call request #43 from пользователь удалён", "action_flag": 3, "change_message": ""}}, {"model": "admin.logentry", "pk": 107, "fields": {"action_time": "2023-08-09T11:37:32.143Z", "user": 1, "content_type": 8, "object_id": "42", "object_repr": "call request #42 from пользователь удалён", "action_flag": 3, "change_message": ""}}, {"model": "admin.logentry", "pk": 108, "fields": {"action_time": "2023-08-09T11:37:32.145Z", "user": 1, "content_type": 8, "object_id": "41", "object_repr": "call request #41 from пользователь удалён", "action_flag": 3, "change_message": ""}}, {"model": "admin.logentry", "pk": 109, "fields": {"action_time": "2023-08-09T11:37:32.150Z", "user": 1, "content_type": 8, "object_id": "40", "object_repr": "call request #40 from пользователь удалён", "action_flag": 3, "change_message": ""}}, {"model": "admin.logentry", "pk": 110, "fields": {"action_time": "2023-08-09T11:37:32.163Z", "user": 1, "content_type": 8, "object_id": "39", "object_repr": "call request #39 from пользователь удалён", "action_flag": 3, "change_message": ""}}, {"model": "admin.logentry", "pk": 111, "fields": {"action_time": "2023-08-09T11:37:32.174Z", "user": 1, "content_type": 8, "object_id": "38", "object_repr": "call request #38 from пользователь удалён", "action_flag": 3, "change_message": ""}}, {"model": "admin.logentry", "pk": 112, "fields": {"action_time": "2023-08-09T11:37:32.177Z", "user": 1, "content_type": 8, "object_id": "37", "object_repr": "call request #37 from пользователь удалён", "action_flag": 3, "change_message": ""}}, {"model": "admin.logentry", "pk": 113, "fields": {"action_time": "2023-08-09T11:37:32.179Z", "user": 1, "content_type": 8, "object_id": "36", "object_repr": "call request #36 from пользователь удалён", "action_flag": 3, "change_message": ""}}, {"model": "admin.logentry", "pk": 114, "fields": {"action_time": "2023-08-09T11:37:32.181Z", "user": 1, "content_type": 8, "object_id": "35", "object_repr": "call request #35 from пользователь удалён", "action_flag": 3, "change_message": ""}}, {"model": "admin.logentry", "pk": 115, "fields": {"action_time": "2023-08-09T11:37:32.183Z", "user": 1, "content_type": 8, "object_id": "34", "object_repr": "call request #34 from пользователь удалён", "action_flag": 3, "change_message": ""}}, {"model": "admin.logentry", "pk": 116, "fields": {"action_time": "2023-08-09T11:37:32.185Z", "user": 1, "content_type": 8, "object_id": "33", "object_repr": "call request #33 from пользователь удалён", "action_flag": 3, "change_message": ""}}, {"model": "admin.logentry", "pk": 117, "fields": {"action_time": "2023-08-09T13:49:27.032Z", "user": 1, "content_type": 7, "object_id": "31", "object_repr": "user id 6291542549", "action_flag": 3, "change_message": ""}}, {"model": "admin.logentry", "pk": 118, "fields": {"action_time": "2023-08-09T13:49:27.037Z", "user": 1, "content_type": 7, "object_id": "30", "object_repr": "user id 375903064", "action_flag": 3, "change_message": ""}}, {"model": "admin.logentry", "pk": 119, "fields": {"action_time": "2023-08-09T13:49:36.853Z", "user": 1, "content_type": 8, "object_id": "52", "object_repr": "call request #52 from пользователь удалён", "action_flag": 3, "change_message": ""}}, {"model": "admin.logentry", "pk": 120, "fields": {"action_time": "2023-08-09T13:49:36.856Z", "user": 1, "content_type": 8, "object_id": "51", "object_repr": "call request #51 from пользователь удалён", "action_flag": 3, "change_message": ""}}, {"model": "admin.logentry", "pk": 121, "fields": {"action_time": "2023-08-09T13:49:36.857Z", "user": 1, "content_type": 8, "object_id": "50", "object_repr": "call request #50 from пользователь удалён", "action_flag": 3, "change_message": ""}}, {"model": "admin.logentry", "pk": 122, "fields": {"action_time": "2023-08-09T13:49:36.858Z", "user": 1, "content_type": 8, "object_id": "49", "object_repr": "call request #49 from пользователь удалён", "action_flag": 3, "change_message": ""}}, {"model": "admin.logentry", "pk": 123, "fields": {"action_time": "2023-08-09T13:49:36.861Z", "user": 1, "content_type": 8, "object_id": "48", "object_repr": "call request #48 from пользователь удалён", "action_flag": 3, "change_message": ""}}, {"model": "admin.logentry", "pk": 124, "fields": {"action_time": "2023-08-09T13:49:36.863Z", "user": 1, "content_type": 8, "object_id": "47", "object_repr": "call request #47 from пользователь удалён", "action_flag": 3, "change_message": ""}}, {"model": "admin.logentry", "pk": 125, "fields": {"action_time": "2023-08-09T13:53:21.768Z", "user": 1, "content_type": 7, "object_id": "32", "object_repr": "user id 375903064", "action_flag": 2, "change_message": "[{\"changed\": {\"fields\": [\"\\u0417\\u0430\\u0431\\u0430\\u043d\\u0435\\u043d\"]}}]"}}, {"model": "admin.logentry", "pk": 126, "fields": {"action_time": "2023-08-09T13:53:47.891Z", "user": 1, "content_type": 7, "object_id": "32", "object_repr": "user id 375903064", "action_flag": 2, "change_message": "[{\"changed\": {\"fields\": [\"\\u0417\\u0430\\u0431\\u0430\\u043d\\u0435\\u043d\"]}}]"}}, {"model": "admin.logentry", "pk": 127, "fields": {"action_time": "2023-08-09T14:55:11.428Z", "user": 1, "content_type": 17, "object_id": "1", "object_repr": "33.88", "action_flag": 2, "change_message": "[{\"changed\": {\"fields\": [\"\\u0418\\u0441\\u043f\\u043e\\u043b\\u044c\\u0437\\u043e\\u0432\\u0430\\u0442\\u044c \\u0444\\u0438\\u043a\\u0441\\u0438\\u0440\\u043e\\u0432\\u0430\\u043d\\u043d\\u044b\\u0439 \\u043a\\u0443\\u0440\\u0441 \\u0434\\u043e\\u043b\\u043b\\u0430\\u0440\\u0430\"]}}]"}}, {"model": "admin.logentry", "pk": 128, "fields": {"action_time": "2023-08-09T14:55:18.015Z", "user": 1, "content_type": 17, "object_id": "1", "object_repr": "97.71", "action_flag": 2, "change_message": "[{\"changed\": {\"fields\": [\"\\u0418\\u0441\\u043f\\u043e\\u043b\\u044c\\u0437\\u043e\\u0432\\u0430\\u0442\\u044c \\u0444\\u0438\\u043a\\u0441\\u0438\\u0440\\u043e\\u0432\\u0430\\u043d\\u043d\\u044b\\u0439 \\u043a\\u0443\\u0440\\u0441 \\u0434\\u043e\\u043b\\u043b\\u0430\\u0440\\u0430\"]}}]"}}, {"model": "admin.logentry", "pk": 129, "fields": {"action_time": "2023-08-09T16:00:09.553Z", "user": 1, "content_type": 17, "object_id": "1", "object_repr": "None", "action_flag": 2, "change_message": "[]"}}, {"model": "admin.logentry", "pk": 130, "fields": {"action_time": "2023-08-09T16:00:35.215Z", "user": 1, "content_type": 17, "object_id": "1", "object_repr": "None", "action_flag": 2, "change_message": "[]"}}, {"model": "admin.logentry", "pk": 131, "fields": {"action_time": "2023-08-10T12:24:34.984Z", "user": 1, "content_type": 13, "object_id": "1", "object_repr": "Товары", "action_flag": 1, "change_message": "[{\"added\": {}}]"}}, {"model": "admin.logentry", "pk": 132, "fields": {"action_time": "2023-08-10T12:24:44.056Z", "user": 1, "content_type": 13, "object_id": "2", "object_repr": "Услуги", "action_flag": 1, "change_message": "[{\"added\": {}}]"}}, {"model": "admin.logentry", "pk": 133, "fields": {"action_time": "2023-08-10T12:32:07.223Z", "user": 1, "content_type": 10, "object_id": "1", "object_repr": "id: 1, Техобслуживание", "action_flag": 1, "change_message": "[{\"added\": {}}]"}}, {"model": "admin.logentry", "pk": 134, "fields": {"action_time": "2023-08-10T12:32:44.701Z", "user": 1, "content_type": 10, "object_id": "2", "object_repr": "id: 2, Заправка фреоном", "action_flag": 1, "change_message": "[{\"added\": {}}]"}}, {"model": "admin.logentry", "pk": 135, "fields": {"action_time": "2023-08-10T12:33:21.387Z", "user": 1, "content_type": 10, "object_id": "3", "object_repr": "id: 3, Монтаж", "action_flag": 1, "change_message": "[{\"added\": {}}]"}}, {"model": "admin.logentry", "pk": 136, "fields": {"action_time": "2023-08-10T12:33:40.607Z", "user": 1, "content_type": 10, "object_id": "1", "object_repr": "id: 1, Техобслуживание", "action_flag": 2, "change_message": "[]"}}, {"model": "admin.logentry", "pk": 137, "fields": {"action_time": "2023-08-10T12:35:31.355Z", "user": 1, "content_type": 10, "object_id": "4", "object_repr": "id: 4, Ремонт", "action_flag": 1, "change_message": "[{\"added\": {}}]"}}, {"model": "admin.logentry", "pk": 138, "fields": {"action_time": "2023-08-10T12:36:20.488Z", "user": 1, "content_type": 10, "object_id": "5", "object_repr": "id: 5, Демонтаж", "action_flag": 1, "change_message": "[{\"added\": {}}]"}}, {"model": "admin.logentry", "pk": 139, "fields": {"action_time": "2023-08-10T12:36:47.659Z", "user": 1, "content_type": 10, "object_id": "6", "object_repr": "id: 6, Профилактика", "action_flag": 1, "change_message": "[{\"added\": {}}]"}}, {"model": "admin.logentry", "pk": 140, "fields": {"action_time": "2023-08-10T12:37:37.480Z", "user": 1, "content_type": 10, "object_id": "7", "object_repr": "id: 7, Закладка трассы", "action_flag": 1, "change_message": "[{\"added\": {}}]"}}, {"model": "admin.logentry", "pk": 141, "fields": {"action_time": "2023-08-10T12:38:19.218Z", "user": 1, "content_type": 10, "object_id": "7", "object_repr": "id: 7, Закладка трассы", "action_flag": 2, "change_message": "[{\"changed\": {\"fields\": [\"\\u0418\\u0441\\u043f\\u043e\\u043b\\u044c\\u0437\\u043e\\u0432\\u0430\\u0442\\u044c \\u0446\\u0435\\u043d\\u0443 \\u0432 \\u0434\\u043e\\u043b\\u043b\\u0430\\u0440\\u0430\\u0445 (\\u0435\\u0441\\u043b\\u0438 \\u043d\\u0435\\u0442, \\u0443\\u043a\\u0430\\u0436\\u0438\\u0442\\u0435 \\u0446\\u0435\\u043d\\u0443 \\u0432 \\u0440\\u0443\\u0431\\u043b\\u044f\\u0445)\", \"\\u0426\\u0435\\u043d\\u0430 \\u0432 \\u0434\\u043e\\u043b\\u043b\\u0430\\u0440\\u0430\\u0445\"]}}]"}}, {"model": "admin.logentry", "pk": 142, "fields": {"action_time": "2023-08-10T12:49:46.177Z", "user": 1, "content_type": 10, "object_id": "7", "object_repr": "id: 7, Закладка трассы", "action_flag": 2, "change_message": "[{\"changed\": {\"fields\": [\"\\u0426\\u0435\\u043d\\u0430 \\u0432 \\u0434\\u043e\\u043b\\u043b\\u0430\\u0440\\u0430\\u0445\"]}}]"}}, {"model": "admin.logentry", "pk": 143, "fields": {"action_time": "2023-08-10T12:49:56.578Z", "user": 1, "content_type": 10, "object_id": "7", "object_repr": "id: 7, Закладка трассы", "action_flag": 2, "change_message": "[{\"changed\": {\"fields\": [\"\\u0418\\u0441\\u043f\\u043e\\u043b\\u044c\\u0437\\u043e\\u0432\\u0430\\u0442\\u044c \\u0446\\u0435\\u043d\\u0443 \\u0432 \\u0434\\u043e\\u043b\\u043b\\u0430\\u0440\\u0430\\u0445 (\\u0435\\u0441\\u043b\\u0438 \\u043d\\u0435\\u0442, \\u0443\\u043a\\u0430\\u0436\\u0438\\u0442\\u0435 \\u0446\\u0435\\u043d\\u0443 \\u0432 \\u0440\\u0443\\u0431\\u043b\\u044f\\u0445)\"]}}]"}}, {"model": "admin.logentry", "pk": 144, "fields": {"action_time": "2023-08-10T13:16:07.108Z", "user": 1, "content_type": 10, "object_id": "8", "object_repr": "id: 8, Сплит-система Rapid RAM-07HJ/N1_23Y", "action_flag": 1, "change_message": "[{\"added\": {}}, {\"added\": {\"name\": \"\\u0438\\u0437\\u043e\\u0431\\u0440\\u0430\\u0436\\u0435\\u043d\\u0438\\u0435\", \"object\": \"Image object (1)\"}}, {\"added\": {\"name\": \"\\u0438\\u0437\\u043e\\u0431\\u0440\\u0430\\u0436\\u0435\\u043d\\u0438\\u0435\", \"object\": \"Image object (2)\"}}, {\"added\": {\"name\": \"\\u0438\\u0437\\u043e\\u0431\\u0440\\u0430\\u0436\\u0435\\u043d\\u0438\\u0435\", \"object\": \"Image object (3)\"}}, {\"added\": {\"name\": \"\\u0438\\u0437\\u043e\\u0431\\u0440\\u0430\\u0436\\u0435\\u043d\\u0438\\u0435\", \"object\": \"Image object (4)\"}}]"}}, {"model": "admin.logentry", "pk": 145, "fields": {"action_time": "2023-08-10T13:16:54.668Z", "user": 1, "content_type": 12, "object_id": "1", "object_repr": "Гарантия", "action_flag": 1, "change_message": "[{\"added\": {}}]"}}, {"model": "admin.logentry", "pk": 146, "fields": {"action_time": "2023-08-10T13:17:03.016Z", "user": 1, "content_type": 12, "object_id": "2", "object_repr": "Страна", "action_flag": 1, "change_message": "[{\"added\": {}}]"}}, {"model": "admin.logentry", "pk": 147, "fields": {"action_time": "2023-08-10T13:17:11.474Z", "user": 1, "content_type": 12, "object_id": "3", "object_repr": "Срок службы", "action_flag": 1, "change_message": "[{\"added\": {}}]"}}, {"model": "admin.logentry", "pk": 148, "fields": {"action_time": "2023-08-10T13:17:36.103Z", "user": 1, "content_type": 12, "object_id": "4", "object_repr": "Рекомендуемая площадь", "action_flag": 1, "change_message": "[{\"added\": {}}]"}}, {"model": "admin.logentry", "pk": 149, "fields": {"action_time": "2023-08-10T13:17:55.188Z", "user": 1, "content_type": 12, "object_id": "5", "object_repr": "Охлаждающая способность", "action_flag": 1, "change_message": "[{\"added\": {}}]"}}, {"model": "admin.logentry", "pk": 150, "fields": {"action_time": "2023-08-10T13:18:05.595Z", "user": 1, "content_type": 12, "object_id": "6", "object_repr": "Производ-ть по холоду", "action_flag": 1, "change_message": "[{\"added\": {}}]"}}, {"model": "admin.logentry", "pk": 151, "fields": {"action_time": "2023-08-10T13:18:18.633Z", "user": 1, "content_type": 12, "object_id": "7", "object_repr": "Производ-ть по теплу", "action_flag": 1, "change_message": "[{\"added\": {}}]"}}, {"model": "admin.logentry", "pk": 152, "fields": {"action_time": "2023-08-10T13:18:56.542Z", "user": 1, "content_type": 12, "object_id": "8", "object_repr": "Хладагент", "action_flag": 1, "change_message": "[{\"added\": {}}]"}}, {"model": "admin.logentry", "pk": 153, "fields": {"action_time": "2023-08-10T13:19:14.498Z", "user": 1, "content_type": 12, "object_id": "9", "object_repr": "Уровень шума внутреннего блока", "action_flag": 1, "change_message": "[{\"added\": {}}]"}}, {"model": "admin.logentry", "pk": 154, "fields": {"action_time": "2023-08-10T13:19:23.568Z", "user": 1, "content_type": 12, "object_id": "10", "object_repr": "Уровень шума внешнего блока", "action_flag": 1, "change_message": "[{\"added\": {}}]"}}, {"model": "admin.logentry", "pk": 155, "fields": {"action_time": "2023-08-10T13:19:55.132Z", "user": 1, "content_type": 12, "object_id": "11", "object_repr": "Потребляемая мощность", "action_flag": 1, "change_message": "[{\"added\": {}}]"}}, {"model": "admin.logentry", "pk": 156, "fields": {"action_time": "2023-08-10T13:20:07.957Z", "user": 1, "content_type": 12, "object_id": "12", "object_repr": "Класс энергоэффективности", "action_flag": 1, "change_message": "[{\"added\": {}}]"}}, {"model": "admin.logentry", "pk": 157, "fields": {"action_time": "2023-08-10T13:20:22.770Z", "user": 1, "content_type": 12, "object_id": "13", "object_repr": "Размер внешнего блока (В*Ш*Г)", "action_flag": 1, "change_message": "[{\"added\": {}}]"}}, {"model": "admin.logentry", "pk": 158, "fields": {"action_time": "2023-08-10T13:20:33.426Z", "user": 1, "content_type": 12, "object_id": "14", "object_repr": "Размер внутреннего блока (В*Ш*Г)", "action_flag": 1, "change_message": "[{\"added\": {}}]"}}, {"model": "admin.logentry", "pk": 159, "fields": {"action_time": "2023-08-10T13:22:17.229Z", "user": 1, "content_type": 9, "object_id": "1", "object_repr": "3 года", "action_flag": 1, "change_message": "[{\"added\": {}}]"}}, {"model": "admin.logentry", "pk": 160, "fields": {"action_time": "2023-08-10T13:22:19.175Z", "user": 1, "content_type": 14, "object_id": "1", "object_repr": "Гарантия: 3 года", "action_flag": 1, "change_message": "[{\"added\": {}}]"}}, {"model": "admin.logentry", "pk": 161, "fields": {"action_time": "2023-08-10T13:22:44.511Z", "user": 1, "content_type": 9, "object_id": "2", "object_repr": "Китай", "action_flag": 1, "change_message": "[{\"added\": {}}]"}}, {"model": "admin.logentry", "pk": 162, "fields": {"action_time": "2023-08-10T13:22:46.354Z", "user": 1, "content_type": 14, "object_id": "2", "object_repr": "Страна: Китай", "action_flag": 1, "change_message": "[{\"added\": {}}]"}}, {"model": "admin.logentry", "pk": 163, "fields": {"action_time": "2023-08-10T13:23:09.049Z", "user": 1, "content_type": 9, "object_id": "3", "object_repr": "10 лет", "action_flag": 1, "change_message": "[{\"added\": {}}]"}}, {"model": "admin.logentry", "pk": 164, "fields": {"action_time": "2023-08-10T13:23:10.922Z", "user": 1, "content_type": 14, "object_id": "3", "object_repr": "Срок службы: 10 лет", "action_flag": 1, "change_message": "[{\"added\": {}}]"}}, {"model": "admin.logentry", "pk": 165, "fields": {"action_time": "2023-08-10T13:23:53.217Z", "user": 1, "content_type": 9, "object_id": "4", "object_repr": "22 кв. м", "action_flag": 1, "change_message": "[{\"added\": {}}]"}}, {"model": "admin.logentry", "pk": 166, "fields": {"action_time": "2023-08-10T13:23:55.146Z", "user": 1, "content_type": 14, "object_id": "4", "object_repr": "Рекомендуемая площадь: 22 кв. м", "action_flag": 1, "change_message": "[{\"added\": {}}]"}}, {"model": "admin.logentry", "pk": 167, "fields": {"action_time": "2023-08-10T13:24:30.670Z", "user": 1, "content_type": 9, "object_id": "5", "object_repr": "7336 BTU", "action_flag": 1, "change_message": "[{\"added\": {}}]"}}, {"model": "admin.logentry", "pk": 168, "fields": {"action_time": "2023-08-10T13:24:34.584Z", "user": 1, "content_type": 14, "object_id": "5", "object_repr": "Охлаждающая способность: 7336 BTU", "action_flag": 1, "change_message": "[{\"added\": {}}]"}}, {"model": "admin.logentry", "pk": 169, "fields": {"action_time": "2023-08-10T13:25:05.985Z", "user": 1, "content_type": 9, "object_id": "6", "object_repr": "2.15 кВт", "action_flag": 1, "change_message": "[{\"added\": {}}]"}}, {"model": "admin.logentry", "pk": 170, "fields": {"action_time": "2023-08-10T13:25:10.096Z", "user": 1, "content_type": 14, "object_id": "6", "object_repr": "Производ-ть по холоду: 2.15 кВт", "action_flag": 1, "change_message": "[{\"added\": {}}]"}}, {"model": "admin.logentry", "pk": 171, "fields": {"action_time": "2023-08-10T13:25:29.774Z", "user": 1, "content_type": 9, "object_id": "7", "object_repr": "2.19 кВт", "action_flag": 1, "change_message": "[{\"added\": {}}]"}}, {"model": "admin.logentry", "pk": 172, "fields": {"action_time": "2023-08-10T13:25:31.752Z", "user": 1, "content_type": 14, "object_id": "7", "object_repr": "Производ-ть по теплу: 2.19 кВт", "action_flag": 1, "change_message": "[{\"added\": {}}]"}}, {"model": "admin.logentry", "pk": 173, "fields": {"action_time": "2023-08-10T13:27:23.449Z", "user": 1, "content_type": 9, "object_id": "8", "object_repr": "R 410a", "action_flag": 1, "change_message": "[{\"added\": {}}]"}}, {"model": "admin.logentry", "pk": 174, "fields": {"action_time": "2023-08-10T13:27:25.639Z", "user": 1, "content_type": 14, "object_id": "8", "object_repr": "Хладагент: R 410a", "action_flag": 1, "change_message": "[{\"added\": {}}]"}}, {"model": "admin.logentry", "pk": 175, "fields": {"action_time": "2023-08-10T13:27:51.321Z", "user": 1, "content_type": 9, "object_id": "9", "object_repr": "24 дБ", "action_flag": 1, "change_message": "[{\"added\": {}}]"}}, {"model": "admin.logentry", "pk": 176, "fields": {"action_time": "2023-08-10T13:27:52.924Z", "user": 1, "content_type": 14, "object_id": "9", "object_repr": "Уровень шума внутреннего блока: 24 дБ", "action_flag": 1, "change_message": "[{\"added\": {}}]"}}, {"model": "admin.logentry", "pk": 177, "fields": {"action_time": "2023-08-10T13:28:11.886Z", "user": 1, "content_type": 9, "object_id": "10", "object_repr": "50 дБ", "action_flag": 1, "change_message": "[{\"added\": {}}]"}}, {"model": "admin.logentry", "pk": 178, "fields": {"action_time": "2023-08-10T13:28:13.686Z", "user": 1, "content_type": 14, "object_id": "10", "object_repr": "Уровень шума внешнего блока: 50 дБ", "action_flag": 1, "change_message": "[{\"added\": {}}]"}}, {"model": "admin.logentry", "pk": 179, "fields": {"action_time": "2023-08-10T13:28:55.794Z", "user": 1, "content_type": 9, "object_id": "11", "object_repr": "670 Вт", "action_flag": 1, "change_message": "[{\"added\": {}}]"}}, {"model": "admin.logentry", "pk": 180, "fields": {"action_time": "2023-08-10T13:28:57.006Z", "user": 1, "content_type": 14, "object_id": "11", "object_repr": "Потребляемая мощность: 670 Вт", "action_flag": 1, "change_message": "[{\"added\": {}}]"}}, {"model": "admin.logentry", "pk": 181, "fields": {"action_time": "2023-08-10T13:29:26.667Z", "user": 1, "content_type": 9, "object_id": "12", "object_repr": "A", "action_flag": 1, "change_message": "[{\"added\": {}}]"}}, {"model": "admin.logentry", "pk": 182, "fields": {"action_time": "2023-08-10T13:29:28.196Z", "user": 1, "content_type": 14, "object_id": "12", "object_repr": "Класс энергоэффективности: A", "action_flag": 1, "change_message": "[{\"added\": {}}]"}}, {"model": "admin.logentry", "pk": 183, "fields": {"action_time": "2023-08-10T13:29:40.616Z", "user": 1, "content_type": 9, "object_id": "13", "object_repr": "420*680*250", "action_flag": 1, "change_message": "[{\"added\": {}}]"}}, {"model": "admin.logentry", "pk": 184, "fields": {"action_time": "2023-08-10T13:29:42.832Z", "user": 1, "content_type": 14, "object_id": "13", "object_repr": "Размер внешнего блока (В*Ш*Г): 420*680*250", "action_flag": 1, "change_message": "[{\"added\": {}}]"}}, {"model": "admin.logentry", "pk": 185, "fields": {"action_time": "2023-08-10T13:30:07.032Z", "user": 1, "content_type": 9, "object_id": "14", "object_repr": "250*700*190", "action_flag": 1, "change_message": "[{\"added\": {}}]"}}, {"model": "admin.logentry", "pk": 186, "fields": {"action_time": "2023-08-10T13:30:08.575Z", "user": 1, "content_type": 14, "object_id": "14", "object_repr": "Размер внутреннего блока (В*Ш*Г): 250*700*190", "action_flag": 1, "change_message": "[{\"added\": {}}]"}}, {"model": "admin.logentry", "pk": 187, "fields": {"action_time": "2023-08-10T13:30:11.081Z", "user": 1, "content_type": 10, "object_id": "8", "object_repr": "id: 8, Сплит-система Rapid RAM-07HJ/N1_23Y", "action_flag": 2, "change_message": "[{\"added\": {\"name\": \"\\u0421\\u0432\\u044f\\u0437\\u044c parameter-product\", \"object\": \"Parameter_products object (1)\"}}, {\"added\": {\"name\": \"\\u0421\\u0432\\u044f\\u0437\\u044c parameter-product\", \"object\": \"Parameter_products object (2)\"}}, {\"added\": {\"name\": \"\\u0421\\u0432\\u044f\\u0437\\u044c parameter-product\", \"object\": \"Parameter_products object (3)\"}}, {\"added\": {\"name\": \"\\u0421\\u0432\\u044f\\u0437\\u044c parameter-product\", \"object\": \"Parameter_products object (4)\"}}, {\"added\": {\"name\": \"\\u0421\\u0432\\u044f\\u0437\\u044c parameter-product\", \"object\": \"Parameter_products object (5)\"}}, {\"added\": {\"name\": \"\\u0421\\u0432\\u044f\\u0437\\u044c parameter-product\", \"object\": \"Parameter_products object (6)\"}}, {\"added\": {\"name\": \"\\u0421\\u0432\\u044f\\u0437\\u044c parameter-product\", \"object\": \"Parameter_products object (7)\"}}, {\"added\": {\"name\": \"\\u0421\\u0432\\u044f\\u0437\\u044c parameter-product\", \"object\": \"Parameter_products object (8)\"}}, {\"added\": {\"name\": \"\\u0421\\u0432\\u044f\\u0437\\u044c parameter-product\", \"object\": \"Parameter_products object (9)\"}}, {\"added\": {\"name\": \"\\u0421\\u0432\\u044f\\u0437\\u044c parameter-product\", \"object\": \"Parameter_products object (10)\"}}, {\"added\": {\"name\": \"\\u0421\\u0432\\u044f\\u0437\\u044c parameter-product\", \"object\": \"Parameter_products object (11)\"}}, {\"added\": {\"name\": \"\\u0421\\u0432\\u044f\\u0437\\u044c parameter-product\", \"object\": \"Parameter_products object (12)\"}}, {\"added\": {\"name\": \"\\u0421\\u0432\\u044f\\u0437\\u044c parameter-product\", \"object\": \"Parameter_products object (13)\"}}, {\"added\": {\"name\": \"\\u0421\\u0432\\u044f\\u0437\\u044c parameter-product\", \"object\": \"Parameter_products object (14)\"}}]"}}, {"model": "admin.logentry", "pk": 188, "fields": {"action_time": "2023-08-10T13:33:04.331Z", "user": 1, "content_type": 10, "object_id": "8", "object_repr": "id: 8, Сплит-система Rapid RAM-07HJ/N1_23Y", "action_flag": 2, "change_message": "[]"}}, {"model": "admin.logentry", "pk": 189, "fields": {"action_time": "2023-08-10T13:36:12.115Z", "user": 1, "content_type": 10, "object_id": "9", "object_repr": "id: 9, Сплит-система Rapid RAM-57HJ/NК1_23е", "action_flag": 1, "change_message": "[{\"added\": {}}, {\"added\": {\"name\": \"\\u0438\\u0437\\u043e\\u0431\\u0440\\u0430\\u0436\\u0435\\u043d\\u0438\\u0435\", \"object\": \"Image object (5)\"}}, {\"added\": {\"name\": \"\\u0438\\u0437\\u043e\\u0431\\u0440\\u0430\\u0436\\u0435\\u043d\\u0438\\u0435\", \"object\": \"Image object (6)\"}}, {\"added\": {\"name\": \"\\u0421\\u0432\\u044f\\u0437\\u044c parameter-product\", \"object\": \"Parameter_products object (15)\"}}, {\"added\": {\"name\": \"\\u0421\\u0432\\u044f\\u0437\\u044c parameter-product\", \"object\": \"Parameter_products object (16)\"}}, {\"added\": {\"name\": \"\\u0421\\u0432\\u044f\\u0437\\u044c parameter-product\", \"object\": \"Parameter_products object (17)\"}}, {\"added\": {\"name\": \"\\u0421\\u0432\\u044f\\u0437\\u044c parameter-product\", \"object\": \"Parameter_products object (18)\"}}, {\"added\": {\"name\": \"\\u0421\\u0432\\u044f\\u0437\\u044c parameter-product\", \"object\": \"Parameter_products object (19)\"}}, {\"added\": {\"name\": \"\\u0421\\u0432\\u044f\\u0437\\u044c parameter-product\", \"object\": \"Parameter_products object (20)\"}}, {\"added\": {\"name\": \"\\u0421\\u0432\\u044f\\u0437\\u044c parameter-product\", \"object\": \"Parameter_products object (21)\"}}, {\"added\": {\"name\": \"\\u0421\\u0432\\u044f\\u0437\\u044c parameter-product\", \"object\": \"Parameter_products object (22)\"}}, {\"added\": {\"name\": \"\\u0421\\u0432\\u044f\\u0437\\u044c parameter-product\", \"object\": \"Parameter_products object (23)\"}}, {\"added\": {\"name\": \"\\u0421\\u0432\\u044f\\u0437\\u044c parameter-product\", \"object\": \"Parameter_products object (24)\"}}, {\"added\": {\"name\": \"\\u0421\\u0432\\u044f\\u0437\\u044c parameter-product\", \"object\": \"Parameter_products object (25)\"}}, {\"added\": {\"name\": \"\\u0421\\u0432\\u044f\\u0437\\u044c parameter-product\", \"object\": \"Parameter_products object (26)\"}}, {\"added\": {\"name\": \"\\u0421\\u0432\\u044f\\u0437\\u044c parameter-product\", \"object\": \"Parameter_products object (27)\"}}, {\"added\": {\"name\": \"\\u0421\\u0432\\u044f\\u0437\\u044c parameter-product\", \"object\": \"Parameter_products object (28)\"}}]"}}, {"model": "admin.logentry", "pk": 190, "fields": {"action_time": "2023-08-10T13:37:57.757Z", "user": 1, "content_type": 13, "object_id": "3", "object_repr": "Товары Rapid", "action_flag": 1, "change_message": "[{\"added\": {}}]"}}, {"model": "admin.logentry", "pk": 191, "fields": {"action_time": "2023-08-10T13:38:03.520Z", "user": 1, "content_type": 10, "object_id": "9", "object_repr": "id: 9, Сплит-система Rapid RAM-57HJ/NК1_23е", "action_flag": 2, "change_message": "[{\"changed\": {\"fields\": [\"\\u041a\\u0430\\u0442\\u0435\\u0433\\u043e\\u0440\\u0438\\u044f\"]}}]"}}, {"model": "admin.logentry", "pk": 192, "fields": {"action_time": "2023-08-10T13:38:13.458Z", "user": 1, "content_type": 10, "object_id": "8", "object_repr": "id: 8, Сплит-система Rapid RAM-07HJ/N1_23Y", "action_flag": 2, "change_message": "[{\"changed\": {\"fields\": [\"\\u041a\\u0430\\u0442\\u0435\\u0433\\u043e\\u0440\\u0438\\u044f\"]}}]"}}, {"model": "admin.logentry", "pk": 193, "fields": {"action_time": "2023-08-10T13:38:32.715Z", "user": 1, "content_type": 13, "object_id": "3", "object_repr": "Кондиционеры Rapid", "action_flag": 2, "change_message": "[{\"changed\": {\"fields\": [\"\\u041d\\u0430\\u0437\\u0432\\u0430\\u043d\\u0438\\u0435\"]}}]"}}, {"model": "admin.logentry", "pk": 194, "fields": {"action_time": "2023-08-10T13:39:45.191Z", "user": 1, "content_type": 13, "object_id": "4", "object_repr": "Кондиционеры Samsung", "action_flag": 1, "change_message": "[{\"added\": {}}]"}}, {"model": "admin.logentry", "pk": 195, "fields": {"action_time": "2023-08-10T13:40:33.014Z", "user": 1, "content_type": 13, "object_id": "5", "object_repr": "Кондиционеры Candy", "action_flag": 1, "change_message": "[{\"added\": {}}]"}}, {"model": "admin.logentry", "pk": 196, "fields": {"action_time": "2023-08-10T13:49:24.754Z", "user": 1, "content_type": 10, "object_id": "10", "object_repr": "id: 10, Сплит-система Rapid RFM-07EJ/N1_21Y", "action_flag": 1, "change_message": "[{\"added\": {}}, {\"added\": {\"name\": \"\\u0438\\u0437\\u043e\\u0431\\u0440\\u0430\\u0436\\u0435\\u043d\\u0438\\u0435\", \"object\": \"Image object (7)\"}}, {\"added\": {\"name\": \"\\u0421\\u0432\\u044f\\u0437\\u044c parameter-product\", \"object\": \"Parameter_products object (29)\"}}, {\"added\": {\"name\": \"\\u0421\\u0432\\u044f\\u0437\\u044c parameter-product\", \"object\": \"Parameter_products object (30)\"}}, {\"added\": {\"name\": \"\\u0421\\u0432\\u044f\\u0437\\u044c parameter-product\", \"object\": \"Parameter_products object (31)\"}}, {\"added\": {\"name\": \"\\u0421\\u0432\\u044f\\u0437\\u044c parameter-product\", \"object\": \"Parameter_products object (32)\"}}, {\"added\": {\"name\": \"\\u0421\\u0432\\u044f\\u0437\\u044c parameter-product\", \"object\": \"Parameter_products object (33)\"}}, {\"added\": {\"name\": \"\\u0421\\u0432\\u044f\\u0437\\u044c parameter-product\", \"object\": \"Parameter_products object (34)\"}}, {\"added\": {\"name\": \"\\u0421\\u0432\\u044f\\u0437\\u044c parameter-product\", \"object\": \"Parameter_products object (35)\"}}, {\"added\": {\"name\": \"\\u0421\\u0432\\u044f\\u0437\\u044c parameter-product\", \"object\": \"Parameter_products object (36)\"}}, {\"added\": {\"name\": \"\\u0421\\u0432\\u044f\\u0437\\u044c parameter-product\", \"object\": \"Parameter_products object (37)\"}}, {\"added\": {\"name\": \"\\u0421\\u0432\\u044f\\u0437\\u044c parameter-product\", \"object\": \"Parameter_products object (38)\"}}, {\"added\": {\"name\": \"\\u0421\\u0432\\u044f\\u0437\\u044c parameter-product\", \"object\": \"Parameter_products object (39)\"}}, {\"added\": {\"name\": \"\\u0421\\u0432\\u044f\\u0437\\u044c parameter-product\", \"object\": \"Parameter_products object (40)\"}}, {\"added\": {\"name\": \"\\u0421\\u0432\\u044f\\u0437\\u044c parameter-product\", \"object\": \"Parameter_products object (41)\"}}, {\"added\": {\"name\": \"\\u0421\\u0432\\u044f\\u0437\\u044c parameter-product\", \"object\": \"Parameter_products object (42)\"}}]"}}, {"model": "admin.logentry", "pk": 197, "fields": {"action_time": "2023-08-10T13:52:50.864Z", "user": 1, "content_type": 10, "object_id": "11", "object_repr": "id: 11, Сплит-система Candy AC-07HTA03/R2", "action_flag": 1, "change_message": "[{\"added\": {}}, {\"added\": {\"name\": \"\\u0438\\u0437\\u043e\\u0431\\u0440\\u0430\\u0436\\u0435\\u043d\\u0438\\u0435\", \"object\": \"Image object (8)\"}}, {\"added\": {\"name\": \"\\u0438\\u0437\\u043e\\u0431\\u0440\\u0430\\u0436\\u0435\\u043d\\u0438\\u0435\", \"object\": \"Image object (9)\"}}, {\"added\": {\"name\": \"\\u0438\\u0437\\u043e\\u0431\\u0440\\u0430\\u0436\\u0435\\u043d\\u0438\\u0435\", \"object\": \"Image object (10)\"}}, {\"added\": {\"name\": \"\\u0438\\u0437\\u043e\\u0431\\u0440\\u0430\\u0436\\u0435\\u043d\\u0438\\u0435\", \"object\": \"Image object (11)\"}}, {\"added\": {\"name\": \"\\u0421\\u0432\\u044f\\u0437\\u044c parameter-product\", \"object\": \"Parameter_products object (43)\"}}, {\"added\": {\"name\": \"\\u0421\\u0432\\u044f\\u0437\\u044c parameter-product\", \"object\": \"Parameter_products object (44)\"}}, {\"added\": {\"name\": \"\\u0421\\u0432\\u044f\\u0437\\u044c parameter-product\", \"object\": \"Parameter_products object (45)\"}}, {\"added\": {\"name\": \"\\u0421\\u0432\\u044f\\u0437\\u044c parameter-product\", \"object\": \"Parameter_products object (46)\"}}, {\"added\": {\"name\": \"\\u0421\\u0432\\u044f\\u0437\\u044c parameter-product\", \"object\": \"Parameter_products object (47)\"}}, {\"added\": {\"name\": \"\\u0421\\u0432\\u044f\\u0437\\u044c parameter-product\", \"object\": \"Parameter_products object (48)\"}}, {\"added\": {\"name\": \"\\u0421\\u0432\\u044f\\u0437\\u044c parameter-product\", \"object\": \"Parameter_products object (49)\"}}, {\"added\": {\"name\": \"\\u0421\\u0432\\u044f\\u0437\\u044c parameter-product\", \"object\": \"Parameter_products object (50)\"}}, {\"added\": {\"name\": \"\\u0421\\u0432\\u044f\\u0437\\u044c parameter-product\", \"object\": \"Parameter_products object (51)\"}}, {\"added\": {\"name\": \"\\u0421\\u0432\\u044f\\u0437\\u044c parameter-product\", \"object\": \"Parameter_products object (52)\"}}, {\"added\": {\"name\": \"\\u0421\\u0432\\u044f\\u0437\\u044c parameter-product\", \"object\": \"Parameter_products object (53)\"}}, {\"added\": {\"name\": \"\\u0421\\u0432\\u044f\\u0437\\u044c parameter-product\", \"object\": \"Parameter_products object (54)\"}}, {\"added\": {\"name\": \"\\u0421\\u0432\\u044f\\u0437\\u044c parameter-product\", \"object\": \"Parameter_products object (55)\"}}, {\"added\": {\"name\": \"\\u0421\\u0432\\u044f\\u0437\\u044c parameter-product\", \"object\": \"Parameter_products object (56)\"}}]"}}, {"model": "admin.logentry", "pk": 198, "fields": {"action_time": "2023-08-10T14:01:12.048Z", "user": 1, "content_type": 17, "object_id": "6", "object_repr": "97.45", "action_flag": 2, "change_message": "[]"}}, {"model": "admin.logentry", "pk": 199, "fields": {"action_time": "2023-08-10T14:01:17.849Z", "user": 1, "content_type": 17, "object_id": "6", "object_repr": "97.45", "action_flag": 2, "change_message": "[]"}}, {"model": "admin.logentry", "pk": 200, "fields": {"action_time": "2023-08-10T14:13:18.929Z", "user": 1, "content_type": 10, "object_id": "12", "object_repr": "id: 12, Сплит-система Candy AC-07HTA13/R22", "action_flag": 1, "change_message": "[{\"added\": {}}]"}}, {"model": "admin.logentry", "pk": 201, "fields": {"action_time": "2023-08-10T14:15:48.600Z", "user": 1, "content_type": 10, "object_id": "13", "object_repr": "id: 13, Сплит-система Samsung AC-07HTA03/R2", "action_flag": 1, "change_message": "[{\"added\": {}}, {\"added\": {\"name\": \"\\u0438\\u0437\\u043e\\u0431\\u0440\\u0430\\u0436\\u0435\\u043d\\u0438\\u0435\", \"object\": \"Image object (12)\"}}, {\"added\": {\"name\": \"\\u0438\\u0437\\u043e\\u0431\\u0440\\u0430\\u0436\\u0435\\u043d\\u0438\\u0435\", \"object\": \"Image object (13)\"}}]"}}, {"model": "admin.logentry", "pk": 202, "fields": {"action_time": "2023-08-10T14:19:53.732Z", "user": 1, "content_type": 10, "object_id": "14", "object_repr": "id: 14, Сплит-система Samsung AC-57eeTA033/R2", "action_flag": 1, "change_message": "[{\"added\": {}}, {\"added\": {\"name\": \"\\u0438\\u0437\\u043e\\u0431\\u0440\\u0430\\u0436\\u0435\\u043d\\u0438\\u0435\", \"object\": \"Image object (14)\"}}, {\"added\": {\"name\": \"\\u0438\\u0437\\u043e\\u0431\\u0440\\u0430\\u0436\\u0435\\u043d\\u0438\\u0435\", \"object\": \"Image object (15)\"}}, {\"added\": {\"name\": \"\\u0438\\u0437\\u043e\\u0431\\u0440\\u0430\\u0436\\u0435\\u043d\\u0438\\u0435\", \"object\": \"Image object (16)\"}}, {\"added\": {\"name\": \"\\u0438\\u0437\\u043e\\u0431\\u0440\\u0430\\u0436\\u0435\\u043d\\u0438\\u0435\", \"object\": \"Image object (17)\"}}, {\"added\": {\"name\": \"\\u0421\\u0432\\u044f\\u0437\\u044c parameter-product\", \"object\": \"Parameter_products object (57)\"}}, {\"added\": {\"name\": \"\\u0421\\u0432\\u044f\\u0437\\u044c parameter-product\", \"object\": \"Parameter_products object (58)\"}}, {\"added\": {\"name\": \"\\u0421\\u0432\\u044f\\u0437\\u044c parameter-product\", \"object\": \"Parameter_products object (59)\"}}, {\"added\": {\"name\": \"\\u0421\\u0432\\u044f\\u0437\\u044c parameter-product\", \"object\": \"Parameter_products object (60)\"}}, {\"added\": {\"name\": \"\\u0421\\u0432\\u044f\\u0437\\u044c parameter-product\", \"object\": \"Parameter_products object (61)\"}}, {\"added\": {\"name\": \"\\u0421\\u0432\\u044f\\u0437\\u044c parameter-product\", \"object\": \"Parameter_products object (62)\"}}, {\"added\": {\"name\": \"\\u0421\\u0432\\u044f\\u0437\\u044c parameter-product\", \"object\": \"Parameter_products object (63)\"}}, {\"added\": {\"name\": \"\\u0421\\u0432\\u044f\\u0437\\u044c parameter-product\", \"object\": \"Parameter_products object (64)\"}}, {\"added\": {\"name\": \"\\u0421\\u0432\\u044f\\u0437\\u044c parameter-product\", \"object\": \"Parameter_products object (65)\"}}, {\"added\": {\"name\": \"\\u0421\\u0432\\u044f\\u0437\\u044c parameter-product\", \"object\": \"Parameter_products object (66)\"}}, {\"added\": {\"name\": \"\\u0421\\u0432\\u044f\\u0437\\u044c parameter-product\", \"object\": \"Parameter_products object (67)\"}}, {\"added\": {\"name\": \"\\u0421\\u0432\\u044f\\u0437\\u044c parameter-product\", \"object\": \"Parameter_products object (68)\"}}, {\"added\": {\"name\": \"\\u0421\\u0432\\u044f\\u0437\\u044c parameter-product\", \"object\": \"Parameter_products object (69)\"}}, {\"added\": {\"name\": \"\\u0421\\u0432\\u044f\\u0437\\u044c parameter-product\", \"object\": \"Parameter_products object (70)\"}}]"}}, {"model": "admin.logentry", "pk": 203, "fields": {"action_time": "2023-08-10T14:21:21.155Z", "user": 1, "content_type": 7, "object_id": "32", "object_repr": "user id 375903064", "action_flag": 3, "change_message": ""}}, {"model": "admin.logentry", "pk": 204, "fields": {"action_time": "2023-08-10T14:21:28.946Z", "user": 1, "content_type": 8, "object_id": "55", "object_repr": "call request #55 from пользователь удалён", "action_flag": 3, "change_message": ""}}, {"model": "admin.logentry", "pk": 205, "fields": {"action_time": "2023-08-10T14:21:28.949Z", "user": 1, "content_type": 8, "object_id": "54", "object_repr": "call request #54 from пользователь удалён", "action_flag": 3, "change_message": ""}}, {"model": "admin.logentry", "pk": 206, "fields": {"action_time": "2023-08-10T14:21:28.950Z", "user": 1, "content_type": 8, "object_id": "53", "object_repr": "call request #53 from пользователь удалён", "action_flag": 3, "change_message": ""}}, {"model": "auth.permission", "pk": 1, "fields": {"name": "Can add log entry", "content_type": 1, "codename": "add_logentry"}}, {"model": "auth.permission", "pk": 2, "fields": {"name": "Can change log entry", "content_type": 1, "codename": "change_logentry"}}, {"model": "auth.permission", "pk": 3, "fields": {"name": "Can delete log entry", "content_type": 1, "codename": "delete_logentry"}}, {"model": "auth.permission", "pk": 4, "fields": {"name": "Can view log entry", "content_type": 1, "codename": "view_logentry"}}, {"model": "auth.permission", "pk": 5, "fields": {"name": "Can add permission", "content_type": 2, "codename": "add_permission"}}, {"model": "auth.permission", "pk": 6, "fields": {"name": "Can change permission", "content_type": 2, "codename": "change_permission"}}, {"model": "auth.permission", "pk": 7, "fields": {"name": "Can delete permission", "content_type": 2, "codename": "delete_permission"}}, {"model": "auth.permission", "pk": 8, "fields": {"name": "Can view permission", "content_type": 2, "codename": "view_permission"}}, {"model": "auth.permission", "pk": 9, "fields": {"name": "Can add group", "content_type": 3, "codename": "add_group"}}, {"model": "auth.permission", "pk": 10, "fields": {"name": "Can change group", "content_type": 3, "codename": "change_group"}}, {"model": "auth.permission", "pk": 11, "fields": {"name": "Can delete group", "content_type": 3, "codename": "delete_group"}}, {"model": "auth.permission", "pk": 12, "fields": {"name": "Can view group", "content_type": 3, "codename": "view_group"}}, {"model": "auth.permission", "pk": 13, "fields": {"name": "Can add user", "content_type": 4, "codename": "add_user"}}, {"model": "auth.permission", "pk": 14, "fields": {"name": "Can change user", "content_type": 4, "codename": "change_user"}}, {"model": "auth.permission", "pk": 15, "fields": {"name": "Can delete user", "content_type": 4, "codename": "delete_user"}}, {"model": "auth.permission", "pk": 16, "fields": {"name": "Can view user", "content_type": 4, "codename": "view_user"}}, {"model": "auth.permission", "pk": 17, "fields": {"name": "Can add content type", "content_type": 5, "codename": "add_contenttype"}}, {"model": "auth.permission", "pk": 18, "fields": {"name": "Can change content type", "content_type": 5, "codename": "change_contenttype"}}, {"model": "auth.permission", "pk": 19, "fields": {"name": "Can delete content type", "content_type": 5, "codename": "delete_contenttype"}}, {"model": "auth.permission", "pk": 20, "fields": {"name": "Can view content type", "content_type": 5, "codename": "view_contenttype"}}, {"model": "auth.permission", "pk": 21, "fields": {"name": "Can add session", "content_type": 6, "codename": "add_session"}}, {"model": "auth.permission", "pk": 22, "fields": {"name": "Can change session", "content_type": 6, "codename": "change_session"}}, {"model": "auth.permission", "pk": 23, "fields": {"name": "Can delete session", "content_type": 6, "codename": "delete_session"}}, {"model": "auth.permission", "pk": 24, "fields": {"name": "Can view session", "content_type": 6, "codename": "view_session"}}, {"model": "auth.permission", "pk": 25, "fields": {"name": "Can add пользователь", "content_type": 7, "codename": "add_tguser"}}, {"model": "auth.permission", "pk": 26, "fields": {"name": "Can change пользователь", "content_type": 7, "codename": "change_tguser"}}, {"model": "auth.permission", "pk": 27, "fields": {"name": "Can delete пользователь", "content_type": 7, "codename": "delete_tguser"}}, {"model": "auth.permission", "pk": 28, "fields": {"name": "Can view пользователь", "content_type": 7, "codename": "view_tguser"}}, {"model": "auth.permission", "pk": 29, "fields": {"name": "Can add заявка на звонок", "content_type": 8, "codename": "add_callrequest"}}, {"model": "auth.permission", "pk": 30, "fields": {"name": "Can change заявка на звонок", "content_type": 8, "codename": "change_callrequest"}}, {"model": "auth.permission", "pk": 31, "fields": {"name": "Can delete заявка на звонок", "content_type": 8, "codename": "delete_callrequest"}}, {"model": "auth.permission", "pk": 32, "fields": {"name": "Can view заявка на звонок", "content_type": 8, "codename": "view_callrequest"}}, {"model": "auth.permission", "pk": 33, "fields": {"name": "Can add значение характеристики", "content_type": 9, "codename": "add_parametervalue"}}, {"model": "auth.permission", "pk": 34, "fields": {"name": "Can change значение характеристики", "content_type": 9, "codename": "change_parametervalue"}}, {"model": "auth.permission", "pk": 35, "fields": {"name": "Can delete значение характеристики", "content_type": 9, "codename": "delete_parametervalue"}}, {"model": "auth.permission", "pk": 36, "fields": {"name": "Can view значение характеристики", "content_type": 9, "codename": "view_parametervalue"}}, {"model": "auth.permission", "pk": 37, "fields": {"name": "Can add товар / услуга", "content_type": 10, "codename": "add_product"}}, {"model": "auth.permission", "pk": 38, "fields": {"name": "Can change товар / услуга", "content_type": 10, "codename": "change_product"}}, {"model": "auth.permission", "pk": 39, "fields": {"name": "Can delete товар / услуга", "content_type": 10, "codename": "delete_product"}}, {"model": "auth.permission", "pk": 40, "fields": {"name": "Can view товар / услуга", "content_type": 10, "codename": "view_product"}}, {"model": "auth.permission", "pk": 41, "fields": {"name": "Can add изображение", "content_type": 11, "codename": "add_image"}}, {"model": "auth.permission", "pk": 42, "fields": {"name": "Can change изображение", "content_type": 11, "codename": "change_image"}}, {"model": "auth.permission", "pk": 43, "fields": {"name": "Can delete изображение", "content_type": 11, "codename": "delete_image"}}, {"model": "auth.permission", "pk": 44, "fields": {"name": "Can view изображение", "content_type": 11, "codename": "view_image"}}, {"model": "auth.permission", "pk": 45, "fields": {"name": "Can add имя характеристики", "content_type": 12, "codename": "add_parametername"}}, {"model": "auth.permission", "pk": 46, "fields": {"name": "Can change имя характеристики", "content_type": 12, "codename": "change_parametername"}}, {"model": "auth.permission", "pk": 47, "fields": {"name": "Can delete имя характеристики", "content_type": 12, "codename": "delete_parametername"}}, {"model": "auth.permission", "pk": 48, "fields": {"name": "Can view имя характеристики", "content_type": 12, "codename": "view_parametername"}}, {"model": "auth.permission", "pk": 49, "fields": {"name": "Can add категория", "content_type": 13, "codename": "add_category"}}, {"model": "auth.permission", "pk": 50, "fields": {"name": "Can change категория", "content_type": 13, "codename": "change_category"}}, {"model": "auth.permission", "pk": 51, "fields": {"name": "Can delete категория", "content_type": 13, "codename": "delete_category"}}, {"model": "auth.permission", "pk": 52, "fields": {"name": "Can view категория", "content_type": 13, "codename": "view_category"}}, {"model": "auth.permission", "pk": 53, "fields": {"name": "Can add характеристика", "content_type": 14, "codename": "add_parameter"}}, {"model": "auth.permission", "pk": 54, "fields": {"name": "Can change характеристика", "content_type": 14, "codename": "change_parameter"}}, {"model": "auth.permission", "pk": 55, "fields": {"name": "Can delete характеристика", "content_type": 14, "codename": "delete_parameter"}}, {"model": "auth.permission", "pk": 56, "fields": {"name": "Can view характеристика", "content_type": 14, "codename": "view_parameter"}}, {"model": "auth.permission", "pk": 57, "fields": {"name": "Can add сообщение", "content_type": 15, "codename": "add_tgmessage"}}, {"model": "auth.permission", "pk": 58, "fields": {"name": "Can change сообщение", "content_type": 15, "codename": "change_tgmessage"}}, {"model": "auth.permission", "pk": 59, "fields": {"name": "Can delete сообщение", "content_type": 15, "codename": "delete_tgmessage"}}, {"model": "auth.permission", "pk": 60, "fields": {"name": "Can view сообщение", "content_type": 15, "codename": "view_tgmessage"}}, {"model": "auth.permission", "pk": 61, "fields": {"name": "Can add компания", "content_type": 16, "codename": "add_companysettings"}}, {"model": "auth.permission", "pk": 62, "fields": {"name": "Can change компания", "content_type": 16, "codename": "change_companysettings"}}, {"model": "auth.permission", "pk": 63, "fields": {"name": "Can delete компания", "content_type": 16, "codename": "delete_companysettings"}}, {"model": "auth.permission", "pk": 64, "fields": {"name": "Can view компания", "content_type": 16, "codename": "view_companysettings"}}, {"model": "auth.permission", "pk": 65, "fields": {"name": "Can add настройка валюты", "content_type": 17, "codename": "add_currencysettings"}}, {"model": "auth.permission", "pk": 66, "fields": {"name": "Can change настройка валюты", "content_type": 17, "codename": "change_currencysettings"}}, {"model": "auth.permission", "pk": 67, "fields": {"name": "Can delete настройка валюты", "content_type": 17, "codename": "delete_currencysettings"}}, {"model": "auth.permission", "pk": 68, "fields": {"name": "Can view настройка валюты", "content_type": 17, "codename": "view_currencysettings"}}, {"model": "auth.permission", "pk": 69, "fields": {"name": "Can add настройка администратора", "content_type": 18, "codename": "add_adminitem"}}, {"model": "auth.permission", "pk": 70, "fields": {"name": "Can change настройка администратора", "content_type": 18, "codename": "change_adminitem"}}, {"model": "auth.permission", "pk": 71, "fields": {"name": "Can delete настройка администратора", "content_type": 18, "codename": "delete_adminitem"}}, {"model": "auth.permission", "pk": 72, "fields": {"name": "Can view настройка администратора", "content_type": 18, "codename": "view_adminitem"}}, {"model": "auth.permission", "pk": 73, "fields": {"name": "Can add настройка администраторов", "content_type": 19, "codename": "add_adminssettings"}}, {"model": "auth.permission", "pk": 74, "fields": {"name": "Can change настройка администраторов", "content_type": 19, "codename": "change_adminssettings"}}, {"model": "auth.permission", "pk": 75, "fields": {"name": "Can delete настройка администраторов", "content_type": 19, "codename": "delete_adminssettings"}}, {"model": "auth.permission", "pk": 76, "fields": {"name": "Can view настройка администраторов", "content_type": 19, "codename": "view_adminssettings"}}, {"model": "auth.permission", "pk": 77, "fields": {"name": "Can add crontab", "content_type": 20, "codename": "add_crontabschedule"}}, {"model": "auth.permission", "pk": 78, "fields": {"name": "Can change crontab", "content_type": 20, "codename": "change_crontabschedule"}}, {"model": "auth.permission", "pk": 79, "fields": {"name": "Can delete crontab", "content_type": 20, "codename": "delete_crontabschedule"}}, {"model": "auth.permission", "pk": 80, "fields": {"name": "Can view crontab", "content_type": 20, "codename": "view_crontabschedule"}}, {"model": "auth.permission", "pk": 81, "fields": {"name": "Can add interval", "content_type": 21, "codename": "add_intervalschedule"}}, {"model": "auth.permission", "pk": 82, "fields": {"name": "Can change interval", "content_type": 21, "codename": "change_intervalschedule"}}, {"model": "auth.permission", "pk": 83, "fields": {"name": "Can delete interval", "content_type": 21, "codename": "delete_intervalschedule"}}, {"model": "auth.permission", "pk": 84, "fields": {"name": "Can view interval", "content_type": 21, "codename": "view_intervalschedule"}}, {"model": "auth.permission", "pk": 85, "fields": {"name": "Can add periodic task", "content_type": 22, "codename": "add_periodictask"}}, {"model": "auth.permission", "pk": 86, "fields": {"name": "Can change periodic task", "content_type": 22, "codename": "change_periodictask"}}, {"model": "auth.permission", "pk": 87, "fields": {"name": "Can delete periodic task", "content_type": 22, "codename": "delete_periodictask"}}, {"model": "auth.permission", "pk": 88, "fields": {"name": "Can view periodic task", "content_type": 22, "codename": "view_periodictask"}}, {"model": "auth.permission", "pk": 89, "fields": {"name": "Can add periodic tasks", "content_type": 23, "codename": "add_periodictasks"}}, {"model": "auth.permission", "pk": 90, "fields": {"name": "Can change periodic tasks", "content_type": 23, "codename": "change_periodictasks"}}, {"model": "auth.permission", "pk": 91, "fields": {"name": "Can delete periodic tasks", "content_type": 23, "codename": "delete_periodictasks"}}, {"model": "auth.permission", "pk": 92, "fields": {"name": "Can view periodic tasks", "content_type": 23, "codename": "view_periodictasks"}}, {"model": "auth.permission", "pk": 93, "fields": {"name": "Can add solar event", "content_type": 24, "codename": "add_solarschedule"}}, {"model": "auth.permission", "pk": 94, "fields": {"name": "Can change solar event", "content_type": 24, "codename": "change_solarschedule"}}, {"model": "auth.permission", "pk": 95, "fields": {"name": "Can delete solar event", "content_type": 24, "codename": "delete_solarschedule"}}, {"model": "auth.permission", "pk": 96, "fields": {"name": "Can view solar event", "content_type": 24, "codename": "view_solarschedule"}}, {"model": "auth.permission", "pk": 97, "fields": {"name": "Can add clocked", "content_type": 25, "codename": "add_clockedschedule"}}, {"model": "auth.permission", "pk": 98, "fields": {"name": "Can change clocked", "content_type": 25, "codename": "change_clockedschedule"}}, {"model": "auth.permission", "pk": 99, "fields": {"name": "Can delete clocked", "content_type": 25, "codename": "delete_clockedschedule"}}, {"model": "auth.permission", "pk": 100, "fields": {"name": "Can view clocked", "content_type": 25, "codename": "view_clockedschedule"}}, {"model": "auth.user", "pk": 1, "fields": {"password": "pbkdf2_sha256$600000$7Ciz7xgW2IYAIzsEOPtr0l$LZyZO89tNZ7wpzniq4z5WhjSZgPtP8KfQESqkd6n9mE=", "last_login": "2023-08-09T13:49:01.743Z", "is_superuser": true, "username": "andryplekhanov", "first_name": "", "last_name": "", "email": "", "is_staff": true, "is_active": true, "date_joined": "2023-08-05T15:12:59.192Z", "groups": [], "user_permissions": []}}, {"model": "contenttypes.contenttype", "pk": 1, "fields": {"app_label": "admin", "model": "logentry"}}, {"model": "contenttypes.contenttype", "pk": 2, "fields": {"app_label": "auth", "model": "permission"}}, {"model": "contenttypes.contenttype", "pk": 3, "fields": {"app_label": "auth", "model": "group"}}, {"model": "contenttypes.contenttype", "pk": 4, "fields": {"app_label": "auth", "model": "user"}}, {"model": "contenttypes.contenttype", "pk": 5, "fields": {"app_label": "contenttypes", "model": "contenttype"}}, {"model": "contenttypes.contenttype", "pk": 6, "fields": {"app_label": "sessions", "model": "session"}}, {"model": "contenttypes.contenttype", "pk": 7, "fields": {"app_label": "app_telegram", "model": "tguser"}}, {"model": "contenttypes.contenttype", "pk": 8, "fields": {"app_label": "app_telegram", "model": "callrequest"}}, {"model": "contenttypes.contenttype", "pk": 9, "fields": {"app_label": "app_products", "model": "parametervalue"}}, {"model": "contenttypes.contenttype", "pk": 10, "fields": {"app_label": "app_products", "model": "product"}}, {"model": "contenttypes.contenttype", "pk": 11, "fields": {"app_label": "app_products", "model": "image"}}, {"model": "contenttypes.contenttype", "pk": 12, "fields": {"app_label": "app_products", "model": "parametername"}}, {"model": "contenttypes.contenttype", "pk": 13, "fields": {"app_label": "app_products", "model": "category"}}, {"model": "contenttypes.contenttype", "pk": 14, "fields": {"app_label": "app_products", "model": "parameter"}}, {"model": "contenttypes.contenttype", "pk": 15, "fields": {"app_label": "app_telegram", "model": "tgmessage"}}, {"model": "contenttypes.contenttype", "pk": 16, "fields": {"app_label": "app_settings", "model": "companysettings"}}, {"model": "contenttypes.contenttype", "pk": 17, "fields": {"app_label": "app_settings", "model": "currencysettings"}}, {"model": "contenttypes.contenttype", "pk": 18, "fields": {"app_label": "app_settings", "model": "adminitem"}}, {"model": "contenttypes.contenttype", "pk": 19, "fields": {"app_label": "app_settings", "model": "adminssettings"}}, {"model": "contenttypes.contenttype", "pk": 20, "fields": {"app_label": "django_celery_beat", "model": "crontabschedule"}}, {"model": "contenttypes.contenttype", "pk": 21, "fields": {"app_label": "django_celery_beat", "model": "intervalschedule"}}, {"model": "contenttypes.contenttype", "pk": 22, "fields": {"app_label": "django_celery_beat", "model": "periodictask"}}, {"model": "contenttypes.contenttype", "pk": 23, "fields": {"app_label": "django_celery_beat", "model": "periodictasks"}}, {"model": "contenttypes.contenttype", "pk": 24, "fields": {"app_label": "django_celery_beat", "model": "solarschedule"}}, {"model": "contenttypes.contenttype", "pk": 25, "fields": {"app_label": "django_celery_beat", "model": "clockedschedule"}}, {"model": "sessions.session", "pk": "d2d8p0di1lmkg94i1boywtbb9e9dxqt4", "fields": {"session_data": ".eJxVjMEOwiAQRP-FsyFQCqwevfsNZNkFqRqalPZk_HdL0oMe582beYuA21rC1tISJhYXocXpl0WkZ6q94AfW-yxprusyRdkVebRN3mZOr-vh_h0UbGVfZ2cUO6V4JAIyOg9m9NpZn3qyzGrASJ7BaPSJPGQHO2XjNWQLZ_H5AthtN68:1qTjYb:JBUwxe5pg7rcjZUhlvBoTidsNM6OzT0ZIRMZgD5WSVA", "expire_date": "2023-08-23T13:49:01.754Z"}}, {"model": "sessions.session", "pk": "o024gucpzo37e9qw02ltrat9sapqmwor", "fields": {"session_data": ".eJxVjMEOwiAQRP-FsyFQCqwevfsNZNkFqRqalPZk_HdL0oMe582beYuA21rC1tISJhYXocXpl0WkZ6q94AfW-yxprusyRdkVebRN3mZOr-vh_h0UbGVfZ2cUO6V4JAIyOg9m9NpZn3qyzGrASJ7BaPSJPGQHO2XjNWQLZ_H5AthtN68:1qSaCt:s6XTCZsBE2q3Qd1M6PYvZLo7rq4huufSZqo_QvkSm88", "expire_date": "2023-08-20T09:37:51.991Z"}}, {"model": "app_telegram.tguser", "pk": 33, "fields": {"created": "2023-08-10T14:21:46.291Z", "updated": "2023-08-10T14:26:00.037Z", "tg_id": 375903064, "fullname": "Андрей Плеханов", "phone_number": "+79036043900", "is_banned": false}}, {"model": "app_telegram.callrequest", "pk": 56, "fields": {"created": "2023-08-10T14:22:39.936Z", "updated": "2023-08-10T14:22:39.936Z", "from_user": 33, "status": "1", "comment": null}}, {"model": "app_telegram.callrequest", "pk": 57, "fields": {"created": "2023-08-10T14:23:14.287Z", "updated": "2023-08-10T14:23:14.287Z", "from_user": 33, "status": "1", "comment": null}}, {"model": "app_settings.companysettings", "pk": 1, "fields": {"company": "Атмосфера", "description": "Тили-тили, трали-вали.", "email": null, "phone_number": "+79036043900", "phone_messengers": "+79601604639"}}, {"model": "app_settings.currencysettings", "pk": 6, "fields": {"use_fix_exchange_rate": false, "fixed_exchange_rate": null, "current_rate": "97.45", "updated": "2023-08-10T14:01:17.847Z"}}, {"model": "app_settings.adminssettings", "pk": 1, "fields": {}}, {"model": "app_settings.adminitem", "pk": 1, "fields": {"admins_settings": 1, "name": "Иосиф", "phone_number": "+79601604639", "tg_id": 5563569442, "username": "tov_stalin"}}, {"model": "app_products.category", "pk": 1, "fields": {"name": "Товары", "slug": "tovary", "parent": null, "lft": 1, "rght": 8, "tree_id": 1, "level": 0}}, {"model": "app_products.category", "pk": 2, "fields": {"name": "Услуги", "slug": "uslugi", "parent": null, "lft": 1, "rght": 2, "tree_id": 2, "level": 0}}, {"model": "app_products.category", "pk": 3, "fields": {"name": "Кондиционеры Rapid", "slug": "tovary-rapid", "parent": 1, "lft": 2, "rght": 3, "tree_id": 1, "level": 1}}, {"model": "app_products.category", "pk": 4, "fields": {"name": "Кондиционеры Samsung", "slug": "kondicionery-samsung", "parent": 1, "lft": 6, "rght": 7, "tree_id": 1, "level": 1}}, {"model": "app_products.category", "pk": 5, "fields": {"name": "Кондиционеры Candy", "slug": "kondicionery-candy", "parent": 1, "lft": 4, "rght": 5, "tree_id": 1, "level": 1}}, {"model": "app_products.product", "pk": 1, "fields": {"category": 2, "title": "Техобслуживание", "description": "Lorem ipsum dolor sit amet, consectetur adipiscing elit, sed do eiusmod tempor incididunt ut labore et dolore magna aliqua. Ut enim ad minim veniam, quis nostrud exercitation ullamco laboris nisi ut aliquip ex ea commodo consequat. Duis aute irure dolor in reprehenderit in voluptate velit esse cillum dolore eu fugiat nulla pariatur. Excepteur sint occaecat cupidatat non proident, sunt in culpa qui officia deserunt mollit anim id est laborum.", "use_dollars": false, "price_dollar": null, "price_rub": "3000.00", "available": "stock", "created": "2023-08-10T12:32:07.209Z", "updated": "2023-08-10T12:33:40.599Z"}}, {"model": "app_products.product", "pk": 2, "fields": {"category": 2, "title": "Заправка фреоном", "description": "Lorem ipsum dolor sit amet, consectetur adipiscing elit, sed do eiusmod tempor incididunt ut labore et dolore magna aliqua. Ut enim ad minim veniam, quis nostrud exercitation ullamco laboris nisi ut aliquip ex ea commodo consequat. Duis aute irure dolor in reprehenderit in voluptate velit esse cillum dolore eu fugiat nulla pariatur. Excepteur sint occaecat cupidatat non proident, sunt in culpa qui officia deserunt mollit anim id est laborum.", "use_dollars": false, "price_dollar": null, "price_rub": "2999.00", "available": "stock", "created": "2023-08-10T12:32:44.690Z", "updated": "2023-08-10T12:32:44.690Z"}}, {"model": "app_products.product", "pk": 3, "fields": {"category": 2, "title": "Монтаж", "description": "Lorem ipsum dolor sit amet, consectetur adipiscing elit, sed do eiusmod tempor incididunt ut labore et dolore magna aliqua. Ut enim ad minim veniam, quis nostrud exercitation ullamco laboris nisi ut aliquip ex ea commodo consequat. Duis aute irure dolor in reprehenderit in voluptate velit esse cillum dolore eu fugiat nulla pariatur. Excepteur sint occaecat cupidatat non proident, sunt in culpa qui officia deserunt mollit anim id est laborum.", "use_dollars": false, "price_dollar": null, "price_rub": "4999.00", "available": "stock", "created": "2023-08-10T12:33:21.383Z", "updated": "2023-08-10T12:33:21.383Z"}}, {"model": "app_products.product", "pk": 4, "fields": {"category": 2, "title": "Ремонт", "description": "Lorem ipsum dolor sit amet, consectetur adipiscing elit, sed do eiusmod tempor incididunt ut labore et dolore magna aliqua. Ut enim ad minim veniam, quis nostrud exercitation ullamco laboris nisi ut aliquip ex ea commodo consequat. Duis aute irure dolor in reprehenderit in voluptate velit esse cillum dolore eu fugiat nulla pariatur. Excepteur sint occaecat cupidatat non proident, sunt in culpa qui officia deserunt mollit anim id est laborum.", "use_dollars": false, "price_dollar": null, "price_rub": "5999.00", "available": "stock", "created": "2023-08-10T12:35:31.347Z", "updated": "2023-08-10T12:35:31.347Z"}}, {"model": "app_products.product", "pk": 5, "fields": {"category": 2, "title": "Демонтаж", "description": "Lorem ipsum dolor sit amet, consectetur adipiscing elit, sed do eiusmod tempor incididunt ut labore et dolore magna aliqua. Ut enim ad minim veniam, quis nostrud exercitation ullamco laboris nisi ut aliquip ex ea commodo consequat. Duis aute irure dolor in reprehenderit in voluptate velit esse cillum dolore eu fugiat nulla pariatur. Excepteur sint occaecat cupidatat non proident, sunt in culpa qui officia deserunt mollit anim id est laborum.", "use_dollars": false, "price_dollar": null, "price_rub": "2599.00", "available": "stock", "created": "2023-08-10T12:36:20.485Z", "updated": "2023-08-10T12:36:20.485Z"}}, {"model": "app_products.product", "pk": 6, "fields": {"category": 2, "title": "Профилактика", "description": "Lorem ipsum dolor sit amet, consectetur adipiscing elit, sed do eiusmod tempor incididunt ut labore et dolore magna aliqua. Ut enim ad minim veniam, quis nostrud exercitation ullamco laboris nisi ut aliquip ex ea commodo consequat. Duis aute irure dolor in reprehenderit in voluptate velit esse cillum dolore eu fugiat nulla pariatur. Excepteur sint occaecat cupidatat non proident, sunt in culpa qui officia deserunt mollit anim id est laborum.", "use_dollars": false, "price_dollar": null, "price_rub": "1999.00", "available": "stock", "created": "2023-08-10T12:36:47.655Z", "updated": "2023-08-10T12:36:47.655Z"}}, {"model": "app_products.product", "pk": 7, "fields": {"category": 2, "title": "Закладка трассы", "description": "Lorem ipsum dolor sit amet, consectetur adipiscing elit, sed do eiusmod tempor incididunt ut labore et dolore magna aliqua. Ut enim ad minim veniam, quis nostrud exercitation ullamco laboris nisi ut aliquip ex ea commodo consequat. Duis aute irure dolor in reprehenderit in voluptate velit esse cillum dolore eu fugiat nulla pariatur. Excepteur sint occaecat cupidatat non proident, sunt in culpa qui officia deserunt mollit anim id est laborum.", "use_dollars": false, "price_dollar": null, "price_rub": "2700.00", "available": "stock", "created": "2023-08-10T12:37:37.473Z", "updated": "2023-08-10T12:49:56.575Z"}}, {"model": "app_products.product", "pk": 8, "fields": {"category": 3, "title": "Сплит-система Rapid RAM-07HJ/N1_23Y", "description": "Lorem ipsum dolor sit amet, consectetur adipiscing elit, sed do eiusmod tempor incididunt ut labore et dolore magna aliqua. Ut enim ad minim veniam, quis nostrud exercitation ullamco laboris nisi ut aliquip ex ea commodo consequat. Duis aute irure dolor in reprehenderit in voluptate velit esse cillum dolore eu fugiat nulla pariatur. Excepteur sint occaecat cupidatat non proident, sunt in culpa qui officia deserunt mollit anim id est laborum.", "use_dollars": true, "price_dollar": "125.00", "price_rub": null, "available": "stock", "created": "2023-08-10T13:16:06.975Z", "updated": "2023-08-10T13:38:13.456Z"}}, {"model": "app_products.product", "pk": 9, "fields": {"category": 3, "title": "Сплит-система Rapid RAM-57HJ/NК1_23е", "description": "Lorem ipsum dolor sit amet, consectetur adipiscing elit, sed do eiusmod tempor incididunt ut labore et dolore magna aliqua. Ut enim ad minim veniam, quis nostrud exercitation ullamco laboris nisi ut aliquip ex ea commodo consequat. Duis aute irure dolor in reprehenderit in voluptate velit esse cillum dolore eu fugiat nulla pariatur. Excepteur sint occaecat cupidatat non proident, sunt in culpa qui officia deserunt mollit anim id est laborum.", "use_dollars": true, "price_dollar": "299.00", "price_rub": null, "available": "stock", "created": "2023-08-10T13:36:12.029Z", "updated": "2023-08-10T13:38:03.517Z"}}, {"model": "app_products.product", "pk": 10, "fields": {"category": 3, "title": "Сплит-система Rapid RFM-07EJ/N1_21Y", "description": "Lorem ipsum dolor sit amet, consectetur adipiscing elit, sed do eiusmod tempor incididunt ut labore et dolore magna aliqua. Ut enim ad minim veniam, quis nostrud exercitation ullamco laboris nisi ut aliquip ex ea commodo consequat. Duis aute irure dolor in reprehenderit in voluptate velit esse cillum dolore eu fugiat nulla pariatur. Excepteur sint occaecat cupidatat non proident, sunt in culpa qui officia deserunt mollit anim id est laborum.", "use_dollars": true, "price_dollar": "225.00", "price_rub": null, "available": "stock", "created": "2023-08-10T13:49:24.702Z", "updated": "2023-08-10T13:49:24.702Z"}}, {"model": "app_products.product", "pk": 11, "fields": {"category": 5, "title": "Сплит-система Candy AC-07HTA03/R2", "description": "Lorem ipsum dolor sit amet, consectetur adipiscing elit, sed do eiusmod tempor incididunt ut labore et dolore magna aliqua. Ut enim ad minim veniam, quis nostrud exercitation ullamco laboris nisi ut aliquip ex ea commodo consequat. Duis aute irure dolor in reprehenderit in voluptate velit esse cillum dolore eu fugiat nulla pariatur. Excepteur sint occaecat cupidatat non proident, sunt in culpa qui officia deserunt mollit anim id est laborum.", "use_dollars": true, "price_dollar": "260.00", "price_rub": null, "available": "stock", "created": "2023-08-10T13:52:50.739Z", "updated": "2023-08-10T13:52:50.740Z"}}, {"model": "app_products.product", "pk": 12, "fields": {"category": 5, "title": "Сплит-система Candy AC-07HTA13/R22", "description": "Lorem ipsum dolor sit amet, consectetur adipiscing elit, sed do eiusmod tempor incididunt ut labore et dolore magna aliqua. Ut enim ad minim veniam, quis nostrud exercitation ullamco laboris nisi ut aliquip ex ea commodo consequat. Duis aute irure dolor in reprehenderit in voluptate velit esse cillum dolore eu fugiat nulla pariatur. Excepteur sint occaecat cupidatat non proident, sunt in culpa qui officia deserunt mollit anim id est laborum.", "use_dollars": true, "price_dollar": "100.00", "price_rub": null, "available": "stock", "created": "2023-08-10T14:13:18.925Z", "updated": "2023-08-10T14:13:18.925Z"}}, {"model": "app_products.product", "pk": 13, "fields": {"category": 4, "title": "Сплит-система Samsung AC-07HTA03/R2", "description": "Lorem ipsum dolor sit amet, consectetur adipiscing elit, sed do eiusmod tempor incididunt ut labore et dolore magna aliqua. Ut enim ad minim veniam, quis nostrud exercitation ullamco laboris nisi ut aliquip ex ea commodo consequat. Duis aute irure dolor in reprehenderit in voluptate velit esse cillum dolore eu fugiat nulla pariatur. Excepteur sint occaecat cupidatat non proident, sunt in culpa qui officia deserunt mollit anim id est laborum.", "use_dollars": true, "price_dollar": "366.00", "price_rub": null, "available": "order", "created": "2023-08-10T14:15:48.570Z", "updated": "2023-08-10T14:15:48.570Z"}}, {"model": "app_products.product", "pk": 14, "fields": {"category": 4, "title": "Сплит-система Samsung AC-57eeTA033/R2", "description": "Lorem ipsum dolor sit amet, consectetur adipiscing elit, sed do eiusmod tempor incididunt ut labore et dolore magna aliqua. Ut enim ad minim veniam, quis nostrud exercitation ullamco laboris nisi ut aliquip ex ea commodo consequat. Duis aute irure dolor in reprehenderit in voluptate velit esse cillum dolore eu fugiat nulla pariatur. Excepteur sint occaecat cupidatat non proident, sunt in culpa qui officia deserunt mollit anim id est laborum.", "use_dollars": true, "price_dollar": "258.00", "price_rub": null, "available": "stock", "created": "2023-08-10T14:19:53.617Z", "updated": "2023-08-10T14:19:53.617Z"}}, {"model": "app_products.image", "pk": 1, "fields": {"image": "products/2023/08/10/screen1.png", "product": 8}}, {"model": "app_products.image", "pk": 2, "fields": {"image": "products/2023/08/10/screen2.png", "product": 8}}, {"model": "app_products.image", "pk": 3, "fields": {"image": "products/2023/08/10/screen3.png", "product": 8}}, {"model": "app_products.image", "pk": 4, "fields": {"image": "products/2023/08/10/screen4.png", "product": 8}}, {"model": "app_products.image", "pk": 5, "fields": {"image": "products/2023/08/10/screen4_MLl20ty.png", "product": 9}}, {"model": "app_products.image", "pk": 6, "fields": {"image": "products/2023/08/10/screen2_hkfAVrH.png", "product": 9}}, {"model": "app_products.image", "pk": 7, "fields": {"image": "products/2023/08/10/screen2_BxoCd3J.png", "product": 10}}, {"model": "app_products.image", "pk": 8, "fields": {"image": "products/2023/08/10/screen1_94Iz54F.png", "product": 11}}, {"model": "app_products.image", "pk": 9, "fields": {"image": "products/2023/08/10/screen2_pRpIejX.png", "product": 11}}, {"model": "app_products.image", "pk": 10, "fields": {"image": "products/2023/08/10/screen3_JzwYUn7.png", "product": 11}}, {"model": "app_products.image", "pk": 11, "fields": {"image": "products/2023/08/10/screen4_ACxOftq.png", "product": 11}}, {"model": "app_products.image", "pk": 12, "fields": {"image": "products/2023/08/10/screen1_gH2aOmk.png", "product": 13}}, {"model": "app_products.image", "pk": 13, "fields": {"image": "products/2023/08/10/screen3_x0lMtBN.png", "product": 13}}, {"model": "app_products.image", "pk": 14, "fields": {"image": "products/2023/08/10/screen1_bs39ksA.png", "product": 14}}, {"model": "app_products.image", "pk": 15, "fields": {"image": "products/2023/08/10/screen3_9rmEAWF.png", "product": 14}}, {"model": "app_products.image", "pk": 16, "fields": {"image": "products/2023/08/10/screen2_6epNCU6.png", "product": 14}}, {"model": "app_products.image", "pk": 17, "fields": {"image": "products/2023/08/10/screen4_o0zERzh.png", "product": 14}}, {"model": "app_products.parametername", "pk": 1, "fields": {"name": "Гарантия"}}, {"model": "app_products.parametername", "pk": 2, "fields": {"name": "Страна"}}, {"model": "app_products.parametername", "pk": 3, "fields": {"name": "Срок службы"}}, {"model": "app_products.parametername", "pk": 4, "fields": {"name": "Рекомендуемая площадь"}}, {"model": "app_products.parametername", "pk": 5, "fields": {"name": "Охлаждающая способность"}}, {"model": "app_products.parametername", "pk": 6, "fields": {"name": "Производ-ть по холоду"}}, {"model": "app_products.parametername", "pk": 7, "fields": {"name": "Производ-ть по теплу"}}, {"model": "app_products.parametername", "pk": 8, "fields": {"name": "Хладагент"}}, {"model": "app_products.parametername", "pk": 9, "fields": {"name": "Уровень шума внутреннего блока"}}, {"model": "app_products.parametername", "pk": 10, "fields": {"name": "Уровень шума внешнего блока"}}, {"model": "app_products.parametername", "pk": 11, "fields": {"name": "Потребляемая мощность"}}, {"model": "app_products.parametername", "pk": 12, "fields": {"name": "Класс энергоэффективности"}}, {"model": "app_products.parametername", "pk": 13, "fields": {"name": "Размер внешнего блока (В*Ш*Г)"}}, {"model": "app_products.parametername", "pk": 14, "fields": {"name": "Размер внутреннего блока (В*Ш*Г)"}}, {"model": "app_products.parameter", "pk": 1, "fields": {"parameter": 1, "value": 1, "products": [14, 11, 10, 9, 8]}}, {"model": "app_products.parameter", "pk": 2, "fields": {"parameter": 2, "value": 2, "products": [14, 11, 10, 9, 8]}}, {"model": "app_products.parameter", "pk": 3, "fields": {"parameter": 3, "value": 3, "products": [14, 11, 10, 9, 8]}}, {"model": "app_products.parameter", "pk": 4, "fields": {"parameter": 4, "value": 4, "products": [14, 11, 10, 9, 8]}}, {"model": "app_products.parameter", "pk": 5, "fields": {"parameter": 5, "value": 5, "products": [14, 11, 10, 9, 8]}}, {"model": "app_products.parameter", "pk": 6, "fields": {"parameter": 6, "value": 6, "products": [14, 11, 10, 9, 8]}}, {"model": "app_products.parameter", "pk": 7, "fields": {"parameter": 7, "value": 7, "products": [14, 11, 10, 9, 8]}}, {"model": "app_products.parameter", "pk": 8, "fields": {"parameter": 8, "value": 8, "products": [14, 11, 10, 9, 8]}}, {"model": "app_products.parameter", "pk": 9, "fields": {"parameter": 9, "value": 9, "products": [14, 11, 10, 9, 8]}}, {"model": "app_products.parameter", "pk": 10, "fields": {"parameter": 10, "value": 10, "products": [14, 11, 10, 9, 8]}}, {"model": "app_products.parameter", "pk": 11, "fields": {"parameter": 11, "value": 11, "products": [14, 11, 10, 9, 8]}}, {"model": "app_products.parameter", "pk": 12, "fields": {"parameter": 12, "value": 12, "products": [14, 11, 10, 9, 8]}}, {"model": "app_products.parameter", "pk": 13, "fields": {"parameter": 13, "value": 13, "products": [14, 11, 10, 9, 8]}}, {"model": "app_products.parameter", "pk": 14, "fields": {"parameter": 14, "value": 14, "products": [14, 11, 10, 9, 8]}}, {"model": "app_products.parametervalue", "pk": 1, "fields": {"value": "3 года"}}, {"model": "app_products.parametervalue", "pk": 2, "fields": {"value": "Китай"}}, {"model": "app_products.parametervalue", "pk": 3, "fields": {"value": "10 лет"}}, {"model": "app_products.parametervalue", "pk": 4, "fields": {"value": "22 кв. м"}}, {"model": "app_products.parametervalue", "pk": 5, "fields": {"value": "7336 BTU"}}, {"model": "app_products.parametervalue", "pk": 6, "fields": {"value": "2.15 кВт"}}, {"model": "app_products.parametervalue", "pk": 7, "fields": {"value": "2.19 кВт"}}, {"model": "app_products.parametervalue", "pk": 8, "fields": {"value": "R 410a"}}, {"model": "app_products.parametervalue", "pk": 9, "fields": {"value": "24 дБ"}}, {"model": "app_products.parametervalue", "pk": 10, "fields": {"value": "50 дБ"}}, {"model": "app_products.parametervalue", "pk": 11, "fields": {"value": "670 Вт"}}, {"model": "app_products.parametervalue", "pk": 12, "fields": {"value": "A"}}, {"model": "app_products.parametervalue", "pk": 13, "fields": {"value": "420*680*250"}}, {"model": "app_products.parametervalue", "pk": 14, "fields": {"value": "250*700*190"}}]